<mxGraphModel arrows="1" connect="1" dx="786" dy="447" fold="1" grid="1" gridSize="10" guides="1" page="1" pageHeight="1169" pageScale="1" pageWidth="827" tooltips="1"><root><mxCell id="0"/><mxCell id="1" parent="0"/><mxCell id="id-56c43dc5e1d048da830b48ac95a23fa3" parent="1" style="html=1;outlineConnect=0;whiteSpace=wrap;fillColor=#ffff99;shape=mxgraph.archimate3.application;appType=proc;archiType=rounded;strokeWidth=2;" value="Asignación de Turno" vertex="1"><mxGeometry as="geometry" height="55" width="120" x="492" y="984"/></mxCell><mxCell id="id-03807c58fc3f4336bd5dca3c6e882b72" parent="1" style="html=1;outlineConnect=0;whiteSpace=wrap;fillColor=#ffff99;shape=mxgraph.archimate3.application;appType=proc;archiType=rounded;verticalAlign=top;align=left;" value="Asignación Cita" vertex="1"><mxGeometry as="geometry" height="133" width="517" x="300" y="924"/></mxCell><mxCell id="id-1d59b053e485430c9ed9763e21ea28a3" parent="1" style="html=1;outlineConnect=0;whiteSpace=wrap;fillColor=#ffff99;shape=mxgraph.archimate3.application;appType=proc;archiType=rounded;" value="Localización Centros de Atención" vertex="1"><mxGeometry as="geometry" height="55" width="120" x="324" y="984"/></mxCell><mxCell id="id-d522edb4091b48ec9898c248d3ca5946" parent="1" style="html=1;outlineConnect=0;whiteSpace=wrap;fillColor=#ffff99;shape=mxgraph.archimate3.application;appType=proc;archiType=rounded;" value="Selección de Mecánico" vertex="1"><mxGeometry as="geometry" height="55" width="120" x="660" y="984"/></mxCell><mxCell edge="1" id="id-4283934c1d2b483baf31caab3d0cbf2e" parent="1" source="id-1d59b053e485430c9ed9763e21ea28a3" style="edgeStyle=elbowEdgeStyle;html=1;endArrow=block;dashed=0;elbow=vertical;endFill=1;" target="id-56c43dc5e1d048da830b48ac95a23fa3"><mxGeometry as="geometry" relative="1" width="160"><mxPoint as="sourcePoint" x="444" y="1011"/><mxPoint as="targetPoint" x="492" y="1011"/></mxGeometry></mxCell><mxCell edge="1" id="id-61e97d9083d44f509c45137437491467" parent="1" source="id-56c43dc5e1d048da830b48ac95a23fa3" style="edgeStyle=elbowEdgeStyle;html=1;endArrow=block;dashed=0;elbow=vertical;endFill=1;" target="id-d522edb4091b48ec9898c248d3ca5946"><mxGeometry as="geometry" relative="1" width="160"><mxPoint as="sourcePoint" x="612" y="1011"/><mxPoint as="targetPoint" x="660" y="1011"/></mxGeometry></mxCell></root></mxGraphModel>