<mxGraphModel arrows="1" connect="1" dx="786" dy="447" fold="1" grid="1" gridSize="10" guides="1" page="1" pageHeight="1169" pageScale="1" pageWidth="827" tooltips="1"><root><mxCell id="0"/><mxCell id="1" parent="0"/><mxCell id="id-03807c58fc3f4336bd5dca3c6e882b72" parent="1" style="html=1;outlineConnect=0;whiteSpace=wrap;fillColor=#ffff99;shape=mxgraph.archimate3.application;appType=proc;archiType=rounded;verticalAlign=top;align=left;" value="Asignación Cita" vertex="1"><mxGeometry as="geometry" height="133" width="517" x="300" y="924"/></mxCell><mxCell id="id-1d59b053e485430c9ed9763e21ea28a3" parent="1" style="html=1;outlineConnect=0;whiteSpace=wrap;fillColor=#ffff99;shape=mxgraph.archimate3.application;appType=proc;archiType=rounded;" value="Localización Centros de Atención" vertex="1"><mxGeometry as="geometry" height="55" width="120" x="324" y="984"/></mxCell><mxCell id="id-d522edb4091b48ec9898c248d3ca5946" parent="1" style="html=1;outlineConnect=0;whiteSpace=wrap;fillColor=#ffff99;shape=mxgraph.archimate3.application;appType=proc;archiType=rounded;" value="Selección de Mecánico" vertex="1"><mxGeometry as="geometry" height="55" width="120" x="660" y="984"/></mxCell><mxCell id="id-56c43dc5e1d048da830b48ac95a23fa3" parent="1" style="html=1;outlineConnect=0;whiteSpace=wrap;fillColor=#ffff99;shape=mxgraph.archimate3.application;appType=proc;archiType=rounded;" value="Asignación de Turno" vertex="1"><mxGeometry as="geometry" height="55" width="120" x="492" y="984"/></mxCell><mxCell id="id-a39ee3e3a7b64f1faf59c35377bf2466" parent="1" style="html=1;outlineConnect=0;whiteSpace=wrap;fillColor=#ffff99;shape=mxgraph.archimate3.application;appType=proc;archiType=rounded;verticalAlign=top;align=left;" value="Pre-asignación Cita" vertex="1"><mxGeometry as="geometry" height="133" width="207" x="60" y="924"/></mxCell><mxCell id="id-0ce32b3d44244df6bace8439fb915ba9" parent="1" style="html=1;outlineConnect=0;whiteSpace=wrap;fillColor=#ffff99;shape=mxgraph.archimate3.application;appType=proc;archiType=rounded;" value="Registro" vertex="1"><mxGeometry as="geometry" height="55" width="120" x="96" y="984"/></mxCell><mxCell id="id-eaf0ed0caa2a4e33a3f560d49c655142" parent="1" style="html=1;outlineConnect=0;whiteSpace=wrap;fillColor=#ffff99;shape=mxgraph.archimate3.application;appType=proc;archiType=rounded;verticalAlign=top;align=left;" value="Post-asignación Cita" vertex="1"><mxGeometry as="geometry" height="133" width="181" x="864" y="924"/></mxCell><mxCell id="id-acdc75c0947343c58b0187ac8e050a68" parent="1" style="html=1;outlineConnect=0;whiteSpace=wrap;fillColor=#ffff99;shape=mxgraph.archimate3.application;appType=proc;archiType=rounded;" value="Seguimiento a Asistencia a Cita" vertex="1"><mxGeometry as="geometry" height="55" width="145" x="888" y="984"/></mxCell><mxCell id="id-dd103b3bf5fd46f19367c7438af19280" parent="1" style="html=1;outlineConnect=0;whiteSpace=wrap;fillColor=#ffff99;shape=mxgraph.archimate3.application;appType=collab;archiType=square;align=center;" value="Cuidado del Vehículo Collaboration" vertex="1"><mxGeometry as="geometry" height="55" width="205" x="456" y="660"/></mxCell><mxCell id="id-901f6018d8f54afa8fef019a5a504c56" parent="1" style="html=1;outlineConnect=0;whiteSpace=wrap;fillColor=#ffff99;shape=mxgraph.archimate3.application;appType=serv;archiType=rounded;" value="Post-asignacion Cita Service" vertex="1"><mxGeometry as="geometry" height="55" width="181" x="864" y="816"/></mxCell><mxCell id="id-0207a834bef34be4ab6979bb2643902d" parent="1" style="html=1;outlineConnect=0;whiteSpace=wrap;fillColor=#ffff99;shape=mxgraph.archimate3.application;appType=serv;archiType=rounded;" value="Asignación Cita Service" vertex="1"><mxGeometry as="geometry" height="55" width="205" x="456" y="816"/></mxCell><mxCell id="id-8f60d3b71b4d4db88531344080749ca0" parent="1" style="html=1;outlineConnect=0;whiteSpace=wrap;fillColor=#ffff99;shape=mxgraph.archimate3.application;appType=serv;archiType=rounded;" value="Pre-asignación Cita Service" vertex="1"><mxGeometry as="geometry" height="55" width="207" x="60" y="816"/></mxCell><mxCell id="id-43bea5f3f47441918cfa9565e51fa1ce" parent="1" style="html=1;outlineConnect=0;whiteSpace=wrap;fillColor=#CCCCFF;shape=mxgraph.archimate3.application;appType=goal;archiType=oct;align=center;" value="Process automation" vertex="1"><mxGeometry as="geometry" height="55" width="120" x="499" y="312"/></mxCell><mxCell id="id-417d3d00853449e0916c3b56ae24f012" parent="1" style="html=1;outlineConnect=0;whiteSpace=wrap;fillColor=#CCCCFF;shape=mxgraph.archimate3.application;appType=outcome;archiType=oct;align=center;" value="Increase automation by 50%" vertex="1"><mxGeometry as="geometry" height="55" width="148" x="485" y="420"/></mxCell><mxCell id="id-608fdcba86c94d8bb382cb423f04a685" parent="1" style="html=1;outlineConnect=0;whiteSpace=wrap;fillColor=#CCCCFF;shape=mxgraph.archimate3.application;appType=requirement;archiType=oct;align=center;" value="Automation of Car Service Assigment" vertex="1"><mxGeometry as="geometry" height="55" width="120" x="499" y="540"/></mxCell><mxCell id="id-a563c18163474a3c88072099aabf3c5d" parent="1" style="html=1;outlineConnect=0;whiteSpace=wrap;fillColor=#CCCCFF;shape=mxgraph.archimate3.application;appType=role;archiType=oct;align=center;" value="Finantial VP" vertex="1"><mxGeometry as="geometry" height="55" width="120" x="380" y="84"/></mxCell><mxCell id="id-6f3169a956c04bed86da6d595109af65" parent="1" style="html=1;outlineConnect=0;whiteSpace=wrap;fillColor=#CCCCFF;shape=mxgraph.archimate3.application;appType=driver;archiType=oct;align=center;" value="Cost reduction" vertex="1"><mxGeometry as="geometry" height="55" width="120" x="380" y="192"/></mxCell><mxCell id="id-333e348592124b06b2b9aa36e2efab40" parent="1" style="html=1;outlineConnect=0;whiteSpace=wrap;fillColor=#CCCCFF;shape=mxgraph.archimate3.application;appType=goal;archiType=oct;align=center;" value="Fast time to deployment" vertex="1"><mxGeometry as="geometry" height="55" width="120" x="272" y="312"/></mxCell><mxCell id="id-0deabb3c4bb947fe80f446baa13b8c97" parent="1" style="html=1;outlineConnect=0;whiteSpace=wrap;fillColor=#99ffff;shape=mxgraph.archimate3.application;appType=serv;archiType=rounded" value="Auto-registro Servicio" vertex="1"><mxGeometry as="geometry" height="55" width="157" x="84" y="1116"/></mxCell><mxCell id="id-662795b470824f87adf38e5709a6e0ed" parent="1" style="html=1;outlineConnect=0;whiteSpace=wrap;fillColor=#99ffff;shape=mxgraph.archimate3.application;appType=serv;archiType=rounded" value="Localización Service" vertex="1"><mxGeometry as="geometry" height="55" width="120" x="324" y="1116"/></mxCell><mxCell id="id-8298d7a9596f48b08af2c9fc15f27d36" parent="1" style="html=1;outlineConnect=0;whiteSpace=wrap;fillColor=#99ffff;shape=mxgraph.archimate3.application;appType=serv;archiType=rounded" value="Asignación Service" vertex="1"><mxGeometry as="geometry" height="55" width="120" x="492" y="1116"/></mxCell><mxCell id="id-4990a8b390454b9f9a431208ef374f90" parent="1" style="html=1;outlineConnect=0;whiteSpace=wrap;fillColor=#99ffff;shape=mxgraph.archimate3.application;appType=serv;archiType=rounded" value="Personal Service" vertex="1"><mxGeometry as="geometry" height="55" width="120" x="660" y="1116"/></mxCell><mxCell id="id-a0849f218c0e4f389829526e92c668fa" parent="1" style="html=1;outlineConnect=0;whiteSpace=wrap;fillColor=#99ffff;shape=mxgraph.archimate3.application;appType=serv;archiType=rounded" value="Seguimiento Cita Service" vertex="1"><mxGeometry as="geometry" height="55" width="120" x="895" y="1116"/></mxCell><mxCell id="id-f39554cf2b05489d88408dbf256e914f" parent="1" style="html=1;outlineConnect=0;whiteSpace=wrap;fillColor=#99ffff;shape=mxgraph.archimate3.component;" value="Seguimiento Post-Cita Componente" vertex="1"><mxGeometry as="geometry" height="55" width="120" x="895" y="1212"/></mxCell><mxCell id="id-24f7445aae7c468f9895177729a5c1a1" parent="1" style="html=1;outlineConnect=0;whiteSpace=wrap;fillColor=#99ffff;shape=mxgraph.archimate3.component;" value="Centro de Atención Componente" vertex="1"><mxGeometry as="geometry" height="55" width="157" x="305" y="1212"/></mxCell><mxCell id="id-17896b7ef22246eaaba05834917cbd36" parent="1" style="html=1;outlineConnect=0;whiteSpace=wrap;fillColor=#99ffff;shape=mxgraph.archimate3.component;" value="Gestion Mecanico Componente" vertex="1"><mxGeometry as="geometry" height="55" width="145" x="660" y="1212"/></mxCell><mxCell id="id-227790ea2aea43318008651fcf2339f7" parent="1" style="html=1;outlineConnect=0;whiteSpace=wrap;fillColor=#99ffff;shape=mxgraph.archimate3.component;" value="Registro Componente" vertex="1"><mxGeometry as="geometry" height="55" width="120" x="103" y="1212"/></mxCell><mxCell id="id-c843c685c7d14f69af091855748b6831" parent="1" style="html=1;outlineConnect=0;whiteSpace=wrap;fillColor=#99ffff;shape=mxgraph.archimate3.component;" value="Asignacion Cita Componente" vertex="1"><mxGeometry as="geometry" height="55" width="120" x="492" y="1212"/></mxCell><mxCell id="id-cad9fbb1aaa34fad82dc3fe06fd279d8" parent="1" style="html=1;outlineConnect=0;whiteSpace=wrap;fillColor=#99ffff;shape=mxgraph.archimate3.application;appType=collab;archiType=square;" value="Asignacion Mecanico Topic" vertex="1"><mxGeometry as="geometry" height="55" width="181" x="564" y="1404"/></mxCell><mxCell id="id-94e6b7f1235643c6985880aae3a0dd83" parent="1" style="html=1;outlineConnect=0;whiteSpace=wrap;fillColor=#99ffff;shape=mxgraph.archimate3.application;appType=interface;archiType=square;" value="Asignacion Mecanico Inbound Queue" vertex="1"><mxGeometry as="geometry" height="55" width="157" x="672" y="1308"/></mxCell><mxCell edge="1" id="id-b7e7f65d822e4d4bac9b8fff3794f471" parent="1" source="id-03807c58fc3f4336bd5dca3c6e882b72" style="edgeStyle=elbowEdgeStyle;html=1;endArrow=block;dashed=0;elbow=vertical;endFill=1;" target="id-eaf0ed0caa2a4e33a3f560d49c655142"><mxGeometry as="geometry" relative="1" width="160"><mxPoint as="sourcePoint" x="817" y="990"/><mxPoint as="targetPoint" x="864" y="990"/></mxGeometry></mxCell><mxCell edge="1" id="id-eb0bb8213b99439d8204fdce8b802c00" parent="1" source="id-03807c58fc3f4336bd5dca3c6e882b72" style="edgeStyle=elbowEdgeStyle;html=1;endArrow=block;elbow=vertical;endFill=0;dashed=1;" target="id-0207a834bef34be4ab6979bb2643902d"><mxGeometry as="geometry" relative="1" width="160"><mxPoint as="sourcePoint" x="558" y="924"/><mxPoint as="targetPoint" x="558" y="871"/></mxGeometry></mxCell><mxCell edge="1" id="id-4283934c1d2b483baf31caab3d0cbf2e" parent="1" source="id-1d59b053e485430c9ed9763e21ea28a3" style="edgeStyle=elbowEdgeStyle;html=1;endArrow=block;dashed=0;elbow=vertical;endFill=1;" target="id-56c43dc5e1d048da830b48ac95a23fa3"><mxGeometry as="geometry" relative="1" width="160"><mxPoint as="sourcePoint" x="444" y="1011"/><mxPoint as="targetPoint" x="492" y="1011"/></mxGeometry></mxCell><mxCell edge="1" id="id-61e97d9083d44f509c45137437491467" parent="1" source="id-56c43dc5e1d048da830b48ac95a23fa3" style="edgeStyle=elbowEdgeStyle;html=1;endArrow=block;dashed=0;elbow=vertical;endFill=1;" target="id-d522edb4091b48ec9898c248d3ca5946"><mxGeometry as="geometry" relative="1" width="160"><mxPoint as="sourcePoint" x="612" y="1011"/><mxPoint as="targetPoint" x="660" y="1011"/></mxGeometry></mxCell><mxCell edge="1" id="id-25a2957a45b34c5cb280fdeec4676ea9" parent="1" source="id-a39ee3e3a7b64f1faf59c35377bf2466" style="edgeStyle=elbowEdgeStyle;html=1;endArrow=block;dashed=0;elbow=vertical;endFill=1;" target="id-03807c58fc3f4336bd5dca3c6e882b72"><mxGeometry as="geometry" relative="1" width="160"><mxPoint as="sourcePoint" x="267" y="990"/><mxPoint as="targetPoint" x="300" y="990"/></mxGeometry></mxCell><mxCell edge="1" id="id-935b8aefd53b40e3b9b85004a2e05ef1" parent="1" source="id-a39ee3e3a7b64f1faf59c35377bf2466" style="edgeStyle=elbowEdgeStyle;html=1;endArrow=block;elbow=vertical;endFill=0;dashed=1;" target="id-8f60d3b71b4d4db88531344080749ca0"><mxGeometry as="geometry" relative="1" width="160"><mxPoint as="sourcePoint" x="163" y="924"/><mxPoint as="targetPoint" x="163" y="871"/></mxGeometry></mxCell><mxCell edge="1" id="id-6a34cb1f7d67444591287db53e11db48" parent="1" source="id-eaf0ed0caa2a4e33a3f560d49c655142" style="edgeStyle=elbowEdgeStyle;html=1;endArrow=block;elbow=vertical;endFill=0;dashed=1;" target="id-901f6018d8f54afa8fef019a5a504c56"><mxGeometry as="geometry" relative="1" width="160"><mxPoint as="sourcePoint" x="954" y="924"/><mxPoint as="targetPoint" x="954" y="871"/></mxGeometry></mxCell><mxCell edge="1" id="id-016afdafd6ca4549b509dce36011d3ed" parent="1" source="id-dd103b3bf5fd46f19367c7438af19280" style="edgeStyle=elbowEdgeStyle;html=1;endArrow=block;elbow=vertical;endFill=0;dashed=1;" target="id-608fdcba86c94d8bb382cb423f04a685"><mxGeometry as="geometry" relative="1" width="160"><mxPoint as="sourcePoint" x="558" y="660"/><mxPoint as="targetPoint" x="559" y="595"/></mxGeometry></mxCell><mxCell edge="1" id="id-e30950b2ec224cf0ab88fa4a1f15fe48" parent="1" source="id-901f6018d8f54afa8fef019a5a504c56" style="edgeStyle=elbowEdgeStyle;html=1;endArrow=open;elbow=vertical;endFill=1;" target="id-dd103b3bf5fd46f19367c7438af19280"><mxGeometry as="geometry" relative="1" width="160"><mxPoint as="sourcePoint" x="954" y="816"/><mxPoint as="targetPoint" x="558" y="715"/></mxGeometry></mxCell><mxCell edge="1" id="id-c95dab9c90104589bd4b176ca062e5e6" parent="1" source="id-0207a834bef34be4ab6979bb2643902d" style="edgeStyle=elbowEdgeStyle;html=1;endArrow=open;elbow=vertical;endFill=1;" target="id-dd103b3bf5fd46f19367c7438af19280"><mxGeometry as="geometry" relative="1" width="160"><mxPoint as="sourcePoint" x="558" y="816"/><mxPoint as="targetPoint" x="558" y="715"/></mxGeometry></mxCell><mxCell edge="1" id="id-c405cd5491764b97bd104eee74b298b0" parent="1" source="id-8f60d3b71b4d4db88531344080749ca0" style="edgeStyle=elbowEdgeStyle;html=1;endArrow=open;elbow=vertical;endFill=1;" target="id-dd103b3bf5fd46f19367c7438af19280"><mxGeometry as="geometry" relative="1" width="160"><mxPoint as="sourcePoint" x="163" y="816"/><mxPoint as="targetPoint" x="558" y="715"/></mxGeometry></mxCell><mxCell edge="1" id="id-2ec17f6147054217bd4f755185438cf9" parent="1" source="id-43bea5f3f47441918cfa9565e51fa1ce" style="edgeStyle=elbowEdgeStyle;html=1;endArrow=none;elbow=vertical;" target="id-6f3169a956c04bed86da6d595109af65"><mxGeometry as="geometry" relative="1" width="160"><mxPoint as="sourcePoint" x="559" y="312"/><mxPoint as="targetPoint" x="440" y="247"/></mxGeometry></mxCell><mxCell edge="1" id="id-a59fb62d30d142c48d8c90bdfe3cdfce" parent="1" source="id-417d3d00853449e0916c3b56ae24f012" style="edgeStyle=elbowEdgeStyle;html=1;endArrow=block;elbow=vertical;endFill=0;dashed=1;" target="id-43bea5f3f47441918cfa9565e51fa1ce"><mxGeometry as="geometry" relative="1" width="160"><mxPoint as="sourcePoint" x="559" y="420"/><mxPoint as="targetPoint" x="559" y="367"/></mxGeometry></mxCell><mxCell edge="1" id="id-c99267b1cf9e414e8f4f99d91059e5c0" parent="1" source="id-608fdcba86c94d8bb382cb423f04a685" style="edgeStyle=elbowEdgeStyle;html=1;endArrow=block;elbow=vertical;endFill=0;dashed=1;" target="id-417d3d00853449e0916c3b56ae24f012"><mxGeometry as="geometry" relative="1" width="160"><mxPoint as="sourcePoint" x="559" y="540"/><mxPoint as="targetPoint" x="559" y="475"/></mxGeometry></mxCell><mxCell edge="1" id="id-694a2f3945654e139a0e32b450359020" parent="1" source="id-a563c18163474a3c88072099aabf3c5d" style="edgeStyle=elbowEdgeStyle;html=1;endArrow=none;elbow=vertical;" target="id-6f3169a956c04bed86da6d595109af65"><mxGeometry as="geometry" relative="1" width="160"><mxPoint as="sourcePoint" x="440" y="139"/><mxPoint as="targetPoint" x="440" y="192"/></mxGeometry></mxCell><mxCell edge="1" id="id-60264d2eed23458f9bb21e56bab3d5a3" parent="1" source="id-6f3169a956c04bed86da6d595109af65" style="edgeStyle=elbowEdgeStyle;html=1;endArrow=none;elbow=vertical;" target="id-333e348592124b06b2b9aa36e2efab40"><mxGeometry as="geometry" relative="1" width="160"><mxPoint as="sourcePoint" x="440" y="247"/><mxPoint as="targetPoint" x="332" y="312"/></mxGeometry></mxCell><mxCell edge="1" id="id-315f016d75fe44e58bf48f815d88bf3a" parent="1" source="id-0deabb3c4bb947fe80f446baa13b8c97" style="edgeStyle=elbowEdgeStyle;html=1;endArrow=open;elbow=vertical;endFill=1;" target="id-0ce32b3d44244df6bace8439fb915ba9"><mxGeometry as="geometry" relative="1" width="160"><mxPoint as="sourcePoint" x="162" y="1116"/><mxPoint as="targetPoint" x="156" y="1039"/></mxGeometry></mxCell><mxCell edge="1" id="id-7702545a11d2410f9eee0198d7420c22" parent="1" source="id-662795b470824f87adf38e5709a6e0ed" style="edgeStyle=elbowEdgeStyle;html=1;endArrow=open;elbow=vertical;endFill=1;" target="id-1d59b053e485430c9ed9763e21ea28a3"><mxGeometry as="geometry" relative="1" width="160"><mxPoint as="sourcePoint" x="384" y="1116"/><mxPoint as="targetPoint" x="384" y="1039"/></mxGeometry></mxCell><mxCell edge="1" id="id-3fae9b4644e54e35b1d753c87e122d7c" parent="1" source="id-8298d7a9596f48b08af2c9fc15f27d36" style="edgeStyle=elbowEdgeStyle;html=1;endArrow=open;elbow=vertical;endFill=1;" target="id-56c43dc5e1d048da830b48ac95a23fa3"><mxGeometry as="geometry" relative="1" width="160"><mxPoint as="sourcePoint" x="552" y="1116"/><mxPoint as="targetPoint" x="552" y="1039"/></mxGeometry></mxCell><mxCell edge="1" id="id-e41e2905405447b0bfd109503ee41d5e" parent="1" source="id-4990a8b390454b9f9a431208ef374f90" style="edgeStyle=elbowEdgeStyle;html=1;endArrow=open;elbow=vertical;endFill=1;" target="id-d522edb4091b48ec9898c248d3ca5946"><mxGeometry as="geometry" relative="1" width="160"><mxPoint as="sourcePoint" x="720" y="1116"/><mxPoint as="targetPoint" x="720" y="1039"/></mxGeometry></mxCell><mxCell edge="1" id="id-29eaa20ac9ab4615b316008901be9d16" parent="1" source="id-a0849f218c0e4f389829526e92c668fa" style="edgeStyle=elbowEdgeStyle;html=1;endArrow=open;elbow=vertical;endFill=1;" target="id-acdc75c0947343c58b0187ac8e050a68"><mxGeometry as="geometry" relative="1" width="160"><mxPoint as="sourcePoint" x="955" y="1116"/><mxPoint as="targetPoint" x="960" y="1039"/></mxGeometry></mxCell><mxCell edge="1" id="id-b83ab99c2e7546578b17ae7d63d0d8a1" parent="1" source="id-f39554cf2b05489d88408dbf256e914f" style="edgeStyle=elbowEdgeStyle;html=1;endArrow=block;elbow=vertical;endFill=0;dashed=1;" target="id-a0849f218c0e4f389829526e92c668fa"><mxGeometry as="geometry" relative="1" width="160"><mxPoint as="sourcePoint" x="955" y="1212"/><mxPoint as="targetPoint" x="955" y="1171"/></mxGeometry></mxCell><mxCell edge="1" id="id-0d85ab6ede194ebe948881192cc2dbf8" parent="1" source="id-24f7445aae7c468f9895177729a5c1a1" style="edgeStyle=elbowEdgeStyle;html=1;endArrow=block;elbow=vertical;endFill=0;dashed=1;" target="id-662795b470824f87adf38e5709a6e0ed"><mxGeometry as="geometry" relative="1" width="160"><mxPoint as="sourcePoint" x="383" y="1212"/><mxPoint as="targetPoint" x="384" y="1171"/></mxGeometry></mxCell><mxCell edge="1" id="id-7dd98079759a49438a12110f080d46bc" parent="1" source="id-17896b7ef22246eaaba05834917cbd36" style="edgeStyle=elbowEdgeStyle;html=1;endArrow=block;elbow=vertical;endFill=0;dashed=1;" target="id-4990a8b390454b9f9a431208ef374f90"><mxGeometry as="geometry" relative="1" width="160"><mxPoint as="sourcePoint" x="732" y="1212"/><mxPoint as="targetPoint" x="720" y="1171"/></mxGeometry></mxCell><mxCell edge="1" id="id-c528729084cf453780f7c95618959649" parent="1" source="id-94e6b7f1235643c6985880aae3a0dd83" style="html=1;endArrow=diamondThin;endFill=1;edgeStyle=elbowEdgeStyle;elbow=vertical;endSize=10;" target="id-17896b7ef22246eaaba05834917cbd36"><mxGeometry as="geometry" relative="1" width="160"><mxPoint as="sourcePoint" x="732" y="1267"/><mxPoint as="targetPoint" x="750" y="1308"/></mxGeometry></mxCell><mxCell edge="1" id="id-90507030504b40a5bfb29a7882f20c9e" parent="1" source="id-227790ea2aea43318008651fcf2339f7" style="edgeStyle=elbowEdgeStyle;html=1;endArrow=block;elbow=vertical;endFill=0;dashed=1;" target="id-0deabb3c4bb947fe80f446baa13b8c97"><mxGeometry as="geometry" relative="1" width="160"><mxPoint as="sourcePoint" x="163" y="1212"/><mxPoint as="targetPoint" x="162" y="1171"/></mxGeometry></mxCell><mxCell edge="1" id="id-22cbcf2a2e1c4a538a2419c8aa530cb2" parent="1" source="id-c843c685c7d14f69af091855748b6831" style="edgeStyle=elbowEdgeStyle;html=1;endArrow=block;elbow=vertical;endFill=0;dashed=1;" target="id-8298d7a9596f48b08af2c9fc15f27d36"><mxGeometry as="geometry" relative="1" width="160"><mxPoint as="sourcePoint" x="552" y="1212"/><mxPoint as="targetPoint" x="552" y="1171"/></mxGeometry></mxCell><mxCell edge="1" id="id-b984e4d172384324a8684ba15ea42b59" parent="1" source="id-94e6b7f1235643c6985880aae3a0dd83" style="edgeStyle=elbowEdgeStyle;html=1;endArrow=open;elbow=vertical;endFill=1;" target="id-cad9fbb1aaa34fad82dc3fe06fd279d8"><mxGeometry as="geometry" relative="1" width="160"><mxPoint as="sourcePoint" x="750" y="1363"/><mxPoint as="targetPoint" x="654" y="1404"/></mxGeometry></mxCell></root></mxGraphModel>