<mxGraphModel arrows="1" connect="1" dx="786" dy="447" fold="1" grid="1" gridSize="10" guides="1" page="1" pageHeight="1169" pageScale="1" pageWidth="827" tooltips="1"><root><mxCell id="0"/><mxCell id="1" parent="0"/><mxCell id="id-1d59b053e485430c9ed9763e21ea28a3" parent="1" style="html=1;outlineConnect=0;whiteSpace=wrap;fillColor=#ffff99;shape=mxgraph.archimate3.application;appType=proc;archiType=rounded;strokeWidth=2;" value="Localización Centros de Atención" vertex="1"><mxGeometry as="geometry" height="55" width="120" x="324" y="984"/></mxCell><mxCell id="id-56c43dc5e1d048da830b48ac95a23fa3" parent="1" style="html=1;outlineConnect=0;whiteSpace=wrap;fillColor=#ffff99;shape=mxgraph.archimate3.application;appType=proc;archiType=rounded;strokeWidth=2;" value="Asignación de Turno" vertex="1"><mxGeometry as="geometry" height="55" width="120" x="492" y="984"/></mxCell><mxCell id="id-662795b470824f87adf38e5709a6e0ed" parent="1" style="html=1;outlineConnect=0;whiteSpace=wrap;fillColor=#99ffff;shape=mxgraph.archimate3.application;appType=serv;archiType=roundedstrokeWidth=2;" value="Localización Service" vertex="1"><mxGeometry as="geometry" height="55" width="120" x="288" y="1116"/></mxCell><mxCell id="id-8298d7a9596f48b08af2c9fc15f27d36" parent="1" style="html=1;outlineConnect=0;whiteSpace=wrap;fillColor=#99ffff;shape=mxgraph.archimate3.application;appType=serv;archiType=roundedstrokeWidth=2;" value="Asignación Service" vertex="1"><mxGeometry as="geometry" height="55" width="120" x="492" y="1116"/></mxCell><mxCell id="id-24f7445aae7c468f9895177729a5c1a1" parent="1" style="html=1;outlineConnect=0;whiteSpace=wrap;fillColor=#99ffff;shape=mxgraph.archimate3.component;strokeWidth=2;" value="Centro de Atención Componente" vertex="1"><mxGeometry as="geometry" height="55" width="157" x="269" y="1212"/></mxCell><mxCell id="id-c843c685c7d14f69af091855748b6831" parent="1" style="html=1;outlineConnect=0;whiteSpace=wrap;fillColor=#99ffff;shape=mxgraph.archimate3.component;strokeWidth=2;" value="Asignacion Cita Componente" vertex="1"><mxGeometry as="geometry" height="55" width="120" x="492" y="1212"/></mxCell><mxCell id="id-03807c58fc3f4336bd5dca3c6e882b72" parent="1" style="html=1;outlineConnect=0;whiteSpace=wrap;fillColor=#ffff99;shape=mxgraph.archimate3.application;appType=proc;archiType=rounded;verticalAlign=top;align=left;" value="Asignación Cita" vertex="1"><mxGeometry as="geometry" height="133" width="517" x="300" y="924"/></mxCell><mxCell id="id-d522edb4091b48ec9898c248d3ca5946" parent="1" style="html=1;outlineConnect=0;whiteSpace=wrap;fillColor=#ffff99;shape=mxgraph.archimate3.application;appType=proc;archiType=rounded;" value="Selección de Mecánico" vertex="1"><mxGeometry as="geometry" height="55" width="120" x="660" y="984"/></mxCell><mxCell id="id-fba0396834c74a84b85c10410d38cc79" parent="1" style="html=1;outlineConnect=0;whiteSpace=wrap;fillColor=#99ffff;shape=mxgraph.archimate3.application;appType=interface;archiType=square;" value="Solicitud Mecanico Outbound Queue" vertex="1"><mxGeometry as="geometry" height="55" width="153" x="480" y="1308"/></mxCell><mxCell edge="1" id="id-4283934c1d2b483baf31caab3d0cbf2e" parent="1" source="id-1d59b053e485430c9ed9763e21ea28a3" style="edgeStyle=elbowEdgeStyle;html=1;endArrow=block;dashed=0;elbow=vertical;endFill=1;" target="id-56c43dc5e1d048da830b48ac95a23fa3"><mxGeometry as="geometry" relative="1" width="160"><mxPoint as="sourcePoint" x="444" y="1011"/><mxPoint as="targetPoint" x="492" y="1011"/></mxGeometry></mxCell><mxCell edge="1" id="id-61e97d9083d44f509c45137437491467" parent="1" source="id-56c43dc5e1d048da830b48ac95a23fa3" style="edgeStyle=elbowEdgeStyle;html=1;endArrow=block;dashed=0;elbow=vertical;endFill=1;" target="id-d522edb4091b48ec9898c248d3ca5946"><mxGeometry as="geometry" relative="1" width="160"><mxPoint as="sourcePoint" x="612" y="1011"/><mxPoint as="targetPoint" x="660" y="1011"/></mxGeometry></mxCell><mxCell edge="1" id="id-7702545a11d2410f9eee0198d7420c22" parent="1" source="id-662795b470824f87adf38e5709a6e0ed" style="edgeStyle=elbowEdgeStyle;html=1;endArrow=open;elbow=vertical;endFill=1;" target="id-1d59b053e485430c9ed9763e21ea28a3"><mxGeometry as="geometry" relative="1" width="160"><mxPoint as="sourcePoint" x="348" y="1116"/><mxPoint as="targetPoint" x="384" y="1039"/></mxGeometry></mxCell><mxCell edge="1" id="id-3fae9b4644e54e35b1d753c87e122d7c" parent="1" source="id-8298d7a9596f48b08af2c9fc15f27d36" style="edgeStyle=elbowEdgeStyle;html=1;endArrow=open;elbow=vertical;endFill=1;" target="id-56c43dc5e1d048da830b48ac95a23fa3"><mxGeometry as="geometry" relative="1" width="160"><mxPoint as="sourcePoint" x="552" y="1116"/><mxPoint as="targetPoint" x="552" y="1039"/></mxGeometry></mxCell><mxCell edge="1" id="id-0d85ab6ede194ebe948881192cc2dbf8" parent="1" source="id-24f7445aae7c468f9895177729a5c1a1" style="edgeStyle=elbowEdgeStyle;html=1;endArrow=block;elbow=vertical;endFill=0;dashed=1;" target="id-662795b470824f87adf38e5709a6e0ed"><mxGeometry as="geometry" relative="1" width="160"><mxPoint as="sourcePoint" x="347" y="1212"/><mxPoint as="targetPoint" x="348" y="1171"/></mxGeometry></mxCell><mxCell edge="1" id="id-22cbcf2a2e1c4a538a2419c8aa530cb2" parent="1" source="id-c843c685c7d14f69af091855748b6831" style="edgeStyle=elbowEdgeStyle;html=1;endArrow=block;elbow=vertical;endFill=0;dashed=1;" target="id-8298d7a9596f48b08af2c9fc15f27d36"><mxGeometry as="geometry" relative="1" width="160"><mxPoint as="sourcePoint" x="552" y="1212"/><mxPoint as="targetPoint" x="552" y="1171"/></mxGeometry></mxCell><mxCell edge="1" id="id-59ed7bb005f54d658456e0fefe193145" parent="1" source="id-fba0396834c74a84b85c10410d38cc79" style="html=1;endArrow=diamondThin;endFill=1;edgeStyle=elbowEdgeStyle;elbow=vertical;endSize=10;" target="id-c843c685c7d14f69af091855748b6831"><mxGeometry as="geometry" relative="1" width="160"><mxPoint as="sourcePoint" x="552" y="1267"/><mxPoint as="targetPoint" x="556" y="1308"/></mxGeometry></mxCell><mxCell edge="1" id="id-1146bcab19904289b6e85d735b0f4ba9" parent="1" source="id-c843c685c7d14f69af091855748b6831" style="edgeStyle=elbowEdgeStyle;html=1;endArrow=open;elbow=vertical;endFill=1;" target="id-662795b470824f87adf38e5709a6e0ed"><mxGeometry as="geometry" relative="1" width="160"><mxPoint as="sourcePoint" x="552" y="1212"/><mxPoint as="targetPoint" x="348" y="1171"/></mxGeometry></mxCell></root></mxGraphModel>