<mxGraphModel dx="1426" dy="721" grid="1" gridSize="10" guides="1" tooltips="1" connect="1" arrows="1" fold="1" page="1" pageScale="1" pageWidth="827" pageHeight="1169" math="0" shadow="0"><root><mxCell id="0"/><mxCell id="1" parent="0"/><mxCell id="EuGlAW89Sx7d1YjC__Y2-3" style="edgeStyle=orthogonalEdgeStyle;rounded=0;orthogonalLoop=1;jettySize=auto;html=1;entryX=0.5;entryY=0;entryDx=0;entryDy=0;" edge="1" parent="1" source="EuGlAW89Sx7d1YjC__Y2-1" target="EuGlAW89Sx7d1YjC__Y2-2"><mxGeometry relative="1" as="geometry"/></mxCell><mxCell id="EuGlAW89Sx7d1YjC__Y2-1" value="" style="ellipse;whiteSpace=wrap;html=1;" vertex="1" parent="1"><mxGeometry x="100" y="60" width="120" height="80" as="geometry"/></mxCell><mxCell id="EuGlAW89Sx7d1YjC__Y2-2" value="" style="rhombus;whiteSpace=wrap;html=1;" vertex="1" parent="1"><mxGeometry x="120" y="170" width="80" height="80" as="geometry"/></mxCell></root></mxGraphModel>