<mxGraphModel arrows="1" connect="1" dx="786" dy="447" fold="1" grid="1" gridSize="10" guides="1" page="1" pageHeight="1169" pageScale="1" pageWidth="827" tooltips="1"><root><mxCell id="0"/><mxCell id="1" parent="0"/><mxCell id="id-97c38c6be45c48588fa3d943f1e14272" parent="1" style="html=1;outlineConnect=0;whiteSpace=wrap;fillColor=#99ffff;shape=mxgraph.archimate3.application;appType=collab;archiType=square;" value="Servicio Prestamo" vertex="1"><mxGeometry as="geometry" height="55" width="120" x="482" y="68"/></mxCell><mxCell id="id-526907f3ec4c44269e69a93557572fcf" parent="1" style="html=1;outlineConnect=0;whiteSpace=wrap;fillColor=#99ffff;shape=mxgraph.archimate3.application;appType=collab;archiType=square;" value="Servicio Venta Vehiculos" vertex="1"><mxGeometry as="geometry" height="55" width="120" x="770" y="68"/></mxCell><mxCell id="id-6141a63c587848de8a32bdefb3b93582" parent="1" style="html=1;outlineConnect=0;whiteSpace=wrap;fillColor=#99ffff;shape=mxgraph.archimate3.application;appType=collab;archiType=square;" value="Sercivio Citas / Alquiler" vertex="1"><mxGeometry as="geometry" height="55" width="120" x="1131" y="68"/></mxCell><mxCell id="id-2b66aa09246d42dc8b3ee05b465b4f71" parent="1" style="html=1;outlineConnect=0;whiteSpace=wrap;fillColor=#99ffff;shape=mxgraph.archimate3.application;appType=serv;archiType=rounded" value="Servicio Facturacion" vertex="1"><mxGeometry as="geometry" height="55" width="120" x="348" y="188"/></mxCell><mxCell id="id-6da9198cfa984efb9203d5cbf0e2916b" parent="1" style="html=1;outlineConnect=0;whiteSpace=wrap;fillColor=#99ffff;shape=mxgraph.archimate3.application;appType=serv;archiType=rounded" value="Servicio Gestion Prestamo" vertex="1"><mxGeometry as="geometry" height="55" width="120" x="482" y="188"/></mxCell><mxCell id="id-adc523c32f8442a684007f521c5cabe2" parent="1" style="html=1;outlineConnect=0;whiteSpace=wrap;fillColor=#99ffff;shape=mxgraph.archimate3.application;appType=serv;archiType=rounded" value="Servicio Antifraude" vertex="1"><mxGeometry as="geometry" height="55" width="120" x="614" y="188"/></mxCell><mxCell id="id-6e916402392e4cbda3a4ae4f930e9f91" parent="1" style="html=1;outlineConnect=0;whiteSpace=wrap;fillColor=#99ffff;shape=mxgraph.archimate3.application;appType=serv;archiType=rounded" value="Servicio Gestion Cliente" vertex="1"><mxGeometry as="geometry" height="55" width="120" x="770" y="188"/></mxCell><mxCell id="id-b04216a6e1724dd8921a51a5aa3b0cab" parent="1" style="html=1;outlineConnect=0;whiteSpace=wrap;fillColor=#99ffff;shape=mxgraph.archimate3.application;appType=serv;archiType=rounded" value="Servicio Administracion Documental" vertex="1"><mxGeometry as="geometry" height="55" width="142" x="926" y="188"/></mxCell><mxCell id="id-8775a92f6b2041fdbd9665e76dfc6647" parent="1" style="html=1;outlineConnect=0;whiteSpace=wrap;fillColor=#99ffff;shape=mxgraph.archimate3.application;appType=serv;archiType=rounded" value="Servicio Asignacion Citas" vertex="1"><mxGeometry as="geometry" height="55" width="120" x="1106" y="188"/></mxCell><mxCell id="id-6b89c9e8b4b943e59acff9984ec18240" parent="1" style="html=1;outlineConnect=0;whiteSpace=wrap;fillColor=#99ffff;shape=mxgraph.archimate3.application;appType=serv;archiType=rounded" value="Servicio Gestion Inventario" vertex="1"><mxGeometry as="geometry" height="55" width="120" x="1250" y="188"/></mxCell><mxCell id="id-71f3e289d6fb4c5cbe59ac278e46cebf" parent="1" style="html=1;outlineConnect=0;whiteSpace=wrap;fillColor=#99ffff;shape=mxgraph.archimate3.application;appType=serv;archiType=rounded" value="Servicio APP" vertex="1"><mxGeometry as="geometry" height="55" width="120" x="1382" y="188"/></mxCell><mxCell id="id-be73c89a896c45438b85a99821972c75" parent="1" style="html=1;outlineConnect=0;whiteSpace=wrap;fillColor=#99ffff;shape=mxgraph.archimate3.application;appType=serv;archiType=rounded" value="Servicio Web" vertex="1"><mxGeometry as="geometry" height="55" width="120" x="1526" y="188"/></mxCell><mxCell id="id-b39c39e29f4c46f9880e6f177774d50d" parent="1" style="html=1;outlineConnect=0;whiteSpace=wrap;fillColor=#99ffff;shape=mxgraph.archimate3.application;appType=serv;archiType=rounded" value="Servicio Localizacion Talleres" vertex="1"><mxGeometry as="geometry" height="55" width="120" x="1658" y="188"/></mxCell><mxCell id="id-6a84857f78564f28833c7b675eb441bc" parent="1" style="html=1;outlineConnect=0;whiteSpace=wrap;fillColor=#99ffff;shape=mxgraph.archimate3.component;" value="Sistema ERP" vertex="1"><mxGeometry as="geometry" height="55" width="120" x="351" y="312"/></mxCell><mxCell id="id-26cfad354a5845e2b61eb0f2a88ad58d" parent="1" style="html=1;outlineConnect=0;whiteSpace=wrap;fillColor=#99ffff;shape=mxgraph.archimate3.component;" value="Sistema Credito" vertex="1"><mxGeometry as="geometry" height="55" width="120" x="482" y="312"/></mxCell><mxCell id="id-350cba7dd2404a8182198844c57ef035" parent="1" style="html=1;outlineConnect=0;whiteSpace=wrap;fillColor=#99ffff;shape=mxgraph.archimate3.component;" value="Sistema Prevencion Fraude" vertex="1"><mxGeometry as="geometry" height="55" width="120" x="626" y="312"/></mxCell><mxCell id="id-5eb1bc91801a439eaff18b918afc492c" parent="1" style="html=1;outlineConnect=0;whiteSpace=wrap;fillColor=#99ffff;shape=mxgraph.archimate3.component;" value="Sistema CRM" vertex="1"><mxGeometry as="geometry" height="55" width="120" x="783" y="315"/></mxCell><mxCell id="id-ce02f95c57c2468fa493d518806e2c16" parent="1" style="html=1;outlineConnect=0;whiteSpace=wrap;fillColor=#99ffff;shape=mxgraph.archimate3.component;" value="Sistema Gestion Documental" vertex="1"><mxGeometry as="geometry" height="55" width="120" x="933" y="314"/></mxCell><mxCell id="id-59c5cded965947dab0f7801b71041843" parent="1" style="html=1;outlineConnect=0;whiteSpace=wrap;fillColor=#99ffff;shape=mxgraph.archimate3.component;" value="Sistema BlockChain" vertex="1"><mxGeometry as="geometry" height="55" width="192" x="1131" y="315"/></mxCell><mxCell id="id-36d5954f4b7344a6a1d043973483985d" parent="1" style="html=1;outlineConnect=0;whiteSpace=wrap;fillColor=#99ffff;shape=mxgraph.archimate3.component;" value="Portal APP" vertex="1"><mxGeometry as="geometry" height="55" width="120" x="1382" y="312"/></mxCell><mxCell id="id-d2372ed58a97452eaaeaab7ffae97aa0" parent="1" style="html=1;outlineConnect=0;whiteSpace=wrap;fillColor=#99ffff;shape=mxgraph.archimate3.component;" value="Portal Web" vertex="1"><mxGeometry as="geometry" height="55" width="120" x="1598" y="312"/></mxCell><mxCell id="id-8215ce6aa5874f73b359e4a99eb33c4a" parent="1" style="html=1;outlineConnect=0;whiteSpace=wrap;fillColor=#99ffff;shape=mxgraph.archimate3.businessObject;overflow=fill;" value="Informacion Facturacion" vertex="1"><mxGeometry as="geometry" height="55" width="120" x="358" y="426"/></mxCell><mxCell id="id-687d23c6313b47b4926031eba4637caf" parent="1" style="html=1;outlineConnect=0;whiteSpace=wrap;fillColor=#99ffff;shape=mxgraph.archimate3.businessObject;overflow=fill;" value="Informacion Crediticia" vertex="1"><mxGeometry as="geometry" height="55" width="120" x="482" y="428"/></mxCell><mxCell id="id-a703324d90884fa5896e81a15c854e8d" parent="1" style="html=1;outlineConnect=0;whiteSpace=wrap;fillColor=#99ffff;shape=mxgraph.archimate3.businessObject;overflow=fill;" value="Perfil Riesgo Cliente" vertex="1"><mxGeometry as="geometry" height="55" width="120" x="614" y="428"/></mxCell><mxCell id="id-a87f301278bc44d4a271c349b4d67fff" parent="1" style="html=1;outlineConnect=0;whiteSpace=wrap;fillColor=#99ffff;shape=mxgraph.archimate3.businessObject;overflow=fill;" value="Informacion Cliente" vertex="1"><mxGeometry as="geometry" height="55" width="120" x="782" y="428"/></mxCell><mxCell id="id-7eb8862241dd4f4db51437691b831d21" parent="1" style="html=1;outlineConnect=0;whiteSpace=wrap;fillColor=#99ffff;shape=mxgraph.archimate3.businessObject;overflow=fill;" value="Informacion Contrato Cliente" vertex="1"><mxGeometry as="geometry" height="55" width="120" x="938" y="426"/></mxCell><mxCell id="id-54ade71e0dbc4ab1884182c915e365b1" parent="1" style="html=1;outlineConnect=0;whiteSpace=wrap;fillColor=#99ffff;shape=mxgraph.archimate3.businessObject;overflow=fill;" value="Inventario Vehiculos" vertex="1"><mxGeometry as="geometry" height="55" width="97" x="1106" y="426"/></mxCell><mxCell id="id-2decb53c0e1540bc8147666a3c6d22a9" parent="1" style="html=1;outlineConnect=0;whiteSpace=wrap;fillColor=#99ffff;shape=mxgraph.archimate3.businessObject;overflow=fill;" value="Inventario Citas" vertex="1"><mxGeometry as="geometry" height="55" width="86" x="1225" y="426"/></mxCell><mxCell id="id-6893d01b0a064afca55e1781bd1575a1" parent="1" style="html=1;outlineConnect=0;whiteSpace=wrap;fillColor=#99ffff;shape=mxgraph.archimate3.businessObject;overflow=fill;" value="Inventario Repuestos" vertex="1"><mxGeometry as="geometry" height="55" width="120" x="1334" y="426"/></mxCell><mxCell id="id-e0d496879b954fb091361ef47e0e5e81" parent="1" style="html=1;outlineConnect=0;whiteSpace=wrap;fillColor=#99ffff;shape=mxgraph.archimate3.businessObject;overflow=fill;" value="Inventario Talleres Sucursales" vertex="1"><mxGeometry as="geometry" height="55" width="120" x="1514" y="424"/></mxCell><mxCell id="id-a87d33141483462780bc11dc7e2ad43d" parent="1" style="html=1;outlineConnect=0;whiteSpace=wrap;fillColor=#99ffff;shape=mxgraph.archimate3.component;" value="Sistema Business Analytics" vertex="1"><mxGeometry as="geometry" height="55" width="120" x="192" y="312"/></mxCell><mxCell id="id-2736dd7efcd44d57871c428ff92f56cb" parent="1" style="html=1;outlineConnect=0;whiteSpace=wrap;fillColor=#99ffff;shape=mxgraph.archimate3.component;" value="Sistema Call Center" vertex="1"><mxGeometry as="geometry" height="55" width="120" x="48" y="312"/></mxCell><mxCell edge="1" id="id-2a9f8f08b3144eab96b95a4b630d4d1f" parent="1" source="id-2b66aa09246d42dc8b3ee05b465b4f71" style="edgeStyle=elbowEdgeStyle;html=1;endArrow=open;elbow=vertical;endFill=1;" target="id-97c38c6be45c48588fa3d943f1e14272"><mxGeometry as="geometry" relative="1" width="160"><mxPoint as="sourcePoint" x="408" y="188"/><mxPoint as="targetPoint" x="542" y="123"/></mxGeometry></mxCell><mxCell edge="1" id="id-b024b400f31f4726bf42356acb29f745" parent="1" source="id-2b66aa09246d42dc8b3ee05b465b4f71" style="edgeStyle=elbowEdgeStyle;html=1;endArrow=open;elbow=vertical;endFill=1;" target="id-526907f3ec4c44269e69a93557572fcf"><mxGeometry as="geometry" relative="1" width="160"><mxPoint as="sourcePoint" x="408" y="188"/><mxPoint as="targetPoint" x="830" y="123"/></mxGeometry></mxCell><mxCell edge="1" id="id-4bab4b181eb8415d8675e90359b911c6" parent="1" source="id-6da9198cfa984efb9203d5cbf0e2916b" style="edgeStyle=elbowEdgeStyle;html=1;endArrow=open;elbow=vertical;endFill=1;" target="id-97c38c6be45c48588fa3d943f1e14272"><mxGeometry as="geometry" relative="1" width="160"><mxPoint as="sourcePoint" x="542" y="188"/><mxPoint as="targetPoint" x="542" y="123"/></mxGeometry></mxCell><mxCell edge="1" id="id-9cd7ae041cb34579872ba79c4a83880f" parent="1" source="id-adc523c32f8442a684007f521c5cabe2" style="edgeStyle=elbowEdgeStyle;html=1;endArrow=open;elbow=vertical;endFill=1;" target="id-97c38c6be45c48588fa3d943f1e14272"><mxGeometry as="geometry" relative="1" width="160"><mxPoint as="sourcePoint" x="674" y="188"/><mxPoint as="targetPoint" x="542" y="123"/></mxGeometry></mxCell><mxCell edge="1" id="id-f809ed3c86714060a327c115c3f3a89b" parent="1" source="id-6e916402392e4cbda3a4ae4f930e9f91" style="edgeStyle=elbowEdgeStyle;html=1;endArrow=open;elbow=vertical;endFill=1;" target="id-526907f3ec4c44269e69a93557572fcf"><mxGeometry as="geometry" relative="1" width="160"><mxPoint as="sourcePoint" x="830" y="188"/><mxPoint as="targetPoint" x="830" y="123"/></mxGeometry></mxCell><mxCell edge="1" id="id-1cb5dd4c79f54b8dbe327d2d4a710ea4" parent="1" source="id-8775a92f6b2041fdbd9665e76dfc6647" style="edgeStyle=elbowEdgeStyle;html=1;endArrow=open;elbow=vertical;endFill=1;" target="id-6141a63c587848de8a32bdefb3b93582"><mxGeometry as="geometry" relative="1" width="160"><mxPoint as="sourcePoint" x="1166" y="188"/><mxPoint as="targetPoint" x="1191" y="123"/></mxGeometry></mxCell><mxCell edge="1" id="id-da00ce54f7ab4f6796fb598cb2e3a725" parent="1" source="id-71f3e289d6fb4c5cbe59ac278e46cebf" style="edgeStyle=elbowEdgeStyle;html=1;endArrow=open;elbow=vertical;endFill=1;" target="id-6141a63c587848de8a32bdefb3b93582"><mxGeometry as="geometry" relative="1" width="160"><mxPoint as="sourcePoint" x="1442" y="188"/><mxPoint as="targetPoint" x="1191" y="123"/></mxGeometry></mxCell><mxCell edge="1" id="id-c2c17268ffe04187aade9ea63b342888" parent="1" source="id-be73c89a896c45438b85a99821972c75" style="edgeStyle=elbowEdgeStyle;html=1;endArrow=open;elbow=vertical;endFill=1;" target="id-6141a63c587848de8a32bdefb3b93582"><mxGeometry as="geometry" relative="1" width="160"><mxPoint as="sourcePoint" x="1586" y="188"/><mxPoint as="targetPoint" x="1191" y="123"/></mxGeometry></mxCell><mxCell edge="1" id="id-344c7937182e4dba97e479891f22027f" parent="1" source="id-6a84857f78564f28833c7b675eb441bc" style="edgeStyle=elbowEdgeStyle;html=1;endArrow=block;elbow=vertical;endFill=0;dashed=1;" target="id-2b66aa09246d42dc8b3ee05b465b4f71"><mxGeometry as="geometry" relative="1" width="160"><mxPoint as="sourcePoint" x="411" y="312"/><mxPoint as="targetPoint" x="408" y="243"/></mxGeometry></mxCell><mxCell edge="1" id="id-889e7fbc9be048a6a8864d71a06b1094" parent="1" source="id-6a84857f78564f28833c7b675eb441bc" style="edgeStyle=elbowEdgeStyle;html=1;endArrow=open;elbow=vertical;endFill=0;dashed=1;dashPattern=1 4;" target="id-8215ce6aa5874f73b359e4a99eb33c4a"><mxGeometry as="geometry" relative="1" width="160"><mxPoint as="sourcePoint" x="411" y="367"/><mxPoint as="targetPoint" x="418" y="426"/></mxGeometry></mxCell><mxCell edge="1" id="id-e846fa22bd854d5eb1ad40194ffbfa62" parent="1" source="id-26cfad354a5845e2b61eb0f2a88ad58d" style="edgeStyle=elbowEdgeStyle;html=1;endArrow=block;elbow=vertical;endFill=0;dashed=1;" target="id-6da9198cfa984efb9203d5cbf0e2916b"><mxGeometry as="geometry" relative="1" width="160"><mxPoint as="sourcePoint" x="542" y="312"/><mxPoint as="targetPoint" x="542" y="243"/></mxGeometry></mxCell><mxCell edge="1" id="id-f8b4adc9e17e4fdca7dc8903caff1a9a" parent="1" source="id-26cfad354a5845e2b61eb0f2a88ad58d" style="edgeStyle=elbowEdgeStyle;html=1;endArrow=open;elbow=vertical;endFill=0;dashed=1;dashPattern=1 4;" target="id-687d23c6313b47b4926031eba4637caf"><mxGeometry as="geometry" relative="1" width="160"><mxPoint as="sourcePoint" x="542" y="367"/><mxPoint as="targetPoint" x="542" y="428"/></mxGeometry></mxCell><mxCell edge="1" id="id-98183b289d1844989fae5e51dc01d70a" parent="1" source="id-26cfad354a5845e2b61eb0f2a88ad58d" style="edgeStyle=elbowEdgeStyle;html=1;endArrow=open;elbow=vertical;endFill=0;dashed=1;dashPattern=1 4;" target="id-8215ce6aa5874f73b359e4a99eb33c4a"><mxGeometry as="geometry" relative="1" width="160"><mxPoint as="sourcePoint" x="542" y="367"/><mxPoint as="targetPoint" x="418" y="426"/></mxGeometry></mxCell><mxCell edge="1" id="id-c1918fa48ef7424390d10e4437e18c11" parent="1" source="id-26cfad354a5845e2b61eb0f2a88ad58d" style="edgeStyle=elbowEdgeStyle;html=1;endArrow=open;elbow=vertical;endFill=0;dashed=1;dashPattern=1 4;" target="id-a703324d90884fa5896e81a15c854e8d"><mxGeometry as="geometry" relative="1" width="160"><mxPoint as="sourcePoint" x="542" y="367"/><mxPoint as="targetPoint" x="674" y="428"/></mxGeometry></mxCell><mxCell edge="1" id="id-c8d38132ab2b49b5bfa2521cd8b3c271" parent="1" source="id-350cba7dd2404a8182198844c57ef035" style="edgeStyle=elbowEdgeStyle;html=1;endArrow=block;elbow=vertical;endFill=0;dashed=1;" target="id-adc523c32f8442a684007f521c5cabe2"><mxGeometry as="geometry" relative="1" width="160"><mxPoint as="sourcePoint" x="686" y="312"/><mxPoint as="targetPoint" x="674" y="243"/></mxGeometry></mxCell><mxCell edge="1" id="id-22535779df804f75883f8519cb01a651" parent="1" source="id-350cba7dd2404a8182198844c57ef035" style="edgeStyle=elbowEdgeStyle;html=1;endArrow=open;elbow=vertical;endFill=0;dashed=1;dashPattern=1 4;" target="id-a703324d90884fa5896e81a15c854e8d"><mxGeometry as="geometry" relative="1" width="160"><mxPoint as="sourcePoint" x="686" y="367"/><mxPoint as="targetPoint" x="674" y="428"/></mxGeometry></mxCell><mxCell edge="1" id="id-42a838b1e17c43e5b654c4252b0f2712" parent="1" source="id-350cba7dd2404a8182198844c57ef035" style="edgeStyle=elbowEdgeStyle;html=1;endArrow=open;elbow=vertical;endFill=0;dashed=1;dashPattern=1 4;" target="id-a87f301278bc44d4a271c349b4d67fff"><mxGeometry as="geometry" relative="1" width="160"><mxPoint as="sourcePoint" x="686" y="367"/><mxPoint as="targetPoint" x="842" y="428"/></mxGeometry></mxCell><mxCell edge="1" id="id-34f3a406864248739b0c7ad4b3ab6209" parent="1" source="id-5eb1bc91801a439eaff18b918afc492c" style="edgeStyle=elbowEdgeStyle;html=1;endArrow=block;elbow=vertical;endFill=0;dashed=1;" target="id-6e916402392e4cbda3a4ae4f930e9f91"><mxGeometry as="geometry" relative="1" width="160"><mxPoint as="sourcePoint" x="843" y="315"/><mxPoint as="targetPoint" x="830" y="243"/></mxGeometry></mxCell><mxCell edge="1" id="id-28e86f5ff5784a1c93f720e62cc1b334" parent="1" source="id-5eb1bc91801a439eaff18b918afc492c" style="edgeStyle=elbowEdgeStyle;html=1;endArrow=open;elbow=vertical;endFill=0;dashed=1;dashPattern=1 4;" target="id-a87f301278bc44d4a271c349b4d67fff"><mxGeometry as="geometry" relative="1" width="160"><mxPoint as="sourcePoint" x="843" y="370"/><mxPoint as="targetPoint" x="842" y="428"/></mxGeometry></mxCell><mxCell edge="1" id="id-35c76251382c42ef8b29f4a75ba6fc55" parent="1" source="id-5eb1bc91801a439eaff18b918afc492c" style="edgeStyle=elbowEdgeStyle;html=1;endArrow=open;elbow=vertical;endFill=0;dashed=1;dashPattern=1 4;" target="id-7eb8862241dd4f4db51437691b831d21"><mxGeometry as="geometry" relative="1" width="160"><mxPoint as="sourcePoint" x="843" y="370"/><mxPoint as="targetPoint" x="998" y="426"/></mxGeometry></mxCell><mxCell edge="1" id="id-92f7e1f829c64cc18b4829e2796e9fec" parent="1" source="id-ce02f95c57c2468fa493d518806e2c16" style="edgeStyle=elbowEdgeStyle;html=1;endArrow=block;elbow=vertical;endFill=0;dashed=1;" target="id-b04216a6e1724dd8921a51a5aa3b0cab"><mxGeometry as="geometry" relative="1" width="160"><mxPoint as="sourcePoint" x="993" y="314"/><mxPoint as="targetPoint" x="997" y="243"/></mxGeometry></mxCell><mxCell edge="1" id="id-dbd55f662962479b9b4b4402a9522cce" parent="1" source="id-ce02f95c57c2468fa493d518806e2c16" style="edgeStyle=elbowEdgeStyle;html=1;endArrow=open;elbow=vertical;endFill=0;dashed=1;dashPattern=1 4;" target="id-7eb8862241dd4f4db51437691b831d21"><mxGeometry as="geometry" relative="1" width="160"><mxPoint as="sourcePoint" x="993" y="369"/><mxPoint as="targetPoint" x="998" y="426"/></mxGeometry></mxCell><mxCell edge="1" id="id-66d125a0eace4b2689439a9dcef84d2e" parent="1" source="id-59c5cded965947dab0f7801b71041843" style="edgeStyle=elbowEdgeStyle;html=1;endArrow=block;elbow=vertical;endFill=0;dashed=1;" target="id-8775a92f6b2041fdbd9665e76dfc6647"><mxGeometry as="geometry" relative="1" width="160"><mxPoint as="sourcePoint" x="1227" y="315"/><mxPoint as="targetPoint" x="1166" y="243"/></mxGeometry></mxCell><mxCell edge="1" id="id-9e1fc914650e4a03b2967b7bbda1c73e" parent="1" source="id-59c5cded965947dab0f7801b71041843" style="edgeStyle=elbowEdgeStyle;html=1;endArrow=block;elbow=vertical;endFill=0;dashed=1;" target="id-6b89c9e8b4b943e59acff9984ec18240"><mxGeometry as="geometry" relative="1" width="160"><mxPoint as="sourcePoint" x="1227" y="315"/><mxPoint as="targetPoint" x="1310" y="243"/></mxGeometry></mxCell><mxCell edge="1" id="id-ccf7de3f564d431eb32bebe3dbf7f3ca" parent="1" source="id-59c5cded965947dab0f7801b71041843" style="edgeStyle=elbowEdgeStyle;html=1;endArrow=open;elbow=vertical;endFill=0;dashed=1;dashPattern=1 4;" target="id-54ade71e0dbc4ab1884182c915e365b1"><mxGeometry as="geometry" relative="1" width="160"><mxPoint as="sourcePoint" x="1227" y="370"/><mxPoint as="targetPoint" x="1154" y="426"/></mxGeometry></mxCell><mxCell edge="1" id="id-1fde325973334e22b8f9ee1561a34423" parent="1" source="id-59c5cded965947dab0f7801b71041843" style="edgeStyle=elbowEdgeStyle;html=1;endArrow=open;elbow=vertical;endFill=0;dashed=1;dashPattern=1 4;" target="id-2decb53c0e1540bc8147666a3c6d22a9"><mxGeometry as="geometry" relative="1" width="160"><mxPoint as="sourcePoint" x="1227" y="370"/><mxPoint as="targetPoint" x="1268" y="426"/></mxGeometry></mxCell><mxCell edge="1" id="id-9e6f3cbf1eac495eb2662bfd4188b456" parent="1" source="id-59c5cded965947dab0f7801b71041843" style="edgeStyle=elbowEdgeStyle;html=1;endArrow=open;elbow=vertical;endFill=0;dashed=1;dashPattern=1 4;" target="id-6893d01b0a064afca55e1781bd1575a1"><mxGeometry as="geometry" relative="1" width="160"><mxPoint as="sourcePoint" x="1227" y="370"/><mxPoint as="targetPoint" x="1394" y="426"/></mxGeometry></mxCell><mxCell edge="1" id="id-cbc3a5155e2c4eba8678f9c85c6e7c74" parent="1" source="id-36d5954f4b7344a6a1d043973483985d" style="edgeStyle=elbowEdgeStyle;html=1;endArrow=block;elbow=vertical;endFill=0;dashed=1;" target="id-71f3e289d6fb4c5cbe59ac278e46cebf"><mxGeometry as="geometry" relative="1" width="160"><mxPoint as="sourcePoint" x="1442" y="312"/><mxPoint as="targetPoint" x="1442" y="243"/></mxGeometry></mxCell><mxCell edge="1" id="id-e274b661802244259d76321b6e25ef55" parent="1" source="id-36d5954f4b7344a6a1d043973483985d" style="edgeStyle=elbowEdgeStyle;html=1;endArrow=open;elbow=vertical;endFill=0;dashed=1;dashPattern=1 4;" target="id-e0d496879b954fb091361ef47e0e5e81"><mxGeometry as="geometry" relative="1" width="160"><mxPoint as="sourcePoint" x="1442" y="367"/><mxPoint as="targetPoint" x="1574" y="424"/></mxGeometry></mxCell><mxCell edge="1" id="id-8cec444c4c4c44c791f25002ceba0a3e" parent="1" source="id-d2372ed58a97452eaaeaab7ffae97aa0" style="edgeStyle=elbowEdgeStyle;html=1;endArrow=block;elbow=vertical;endFill=0;dashed=1;" target="id-b39c39e29f4c46f9880e6f177774d50d"><mxGeometry as="geometry" relative="1" width="160"><mxPoint as="sourcePoint" x="1658" y="312"/><mxPoint as="targetPoint" x="1718" y="243"/></mxGeometry></mxCell><mxCell edge="1" id="id-7af528da7443439c9ac9c519952f6908" parent="1" source="id-d2372ed58a97452eaaeaab7ffae97aa0" style="edgeStyle=elbowEdgeStyle;html=1;endArrow=block;elbow=vertical;endFill=0;dashed=1;" target="id-be73c89a896c45438b85a99821972c75"><mxGeometry as="geometry" relative="1" width="160"><mxPoint as="sourcePoint" x="1658" y="312"/><mxPoint as="targetPoint" x="1586" y="243"/></mxGeometry></mxCell><mxCell edge="1" id="id-d9b9baa1d7fe45078c5d5a89cabab3dd" parent="1" source="id-d2372ed58a97452eaaeaab7ffae97aa0" style="edgeStyle=elbowEdgeStyle;html=1;endArrow=open;elbow=vertical;endFill=0;dashed=1;dashPattern=1 4;" target="id-e0d496879b954fb091361ef47e0e5e81"><mxGeometry as="geometry" relative="1" width="160"><mxPoint as="sourcePoint" x="1658" y="367"/><mxPoint as="targetPoint" x="1574" y="424"/></mxGeometry></mxCell><mxCell edge="1" id="id-24287548193a41cabe985b4fe08fbf99" parent="1" source="id-a87d33141483462780bc11dc7e2ad43d" style="edgeStyle=elbowEdgeStyle;html=1;endArrow=open;elbow=vertical;endFill=0;dashed=1;dashPattern=1 4;" target="id-a87f301278bc44d4a271c349b4d67fff"><mxGeometry as="geometry" relative="1" width="160"><mxPoint as="sourcePoint" x="252" y="367"/><mxPoint as="targetPoint" x="842" y="428"/></mxGeometry></mxCell><mxCell edge="1" id="id-0bfefe6295f54b009bbce1eeac9f3e7e" parent="1" source="id-2736dd7efcd44d57871c428ff92f56cb" style="edgeStyle=elbowEdgeStyle;html=1;endArrow=open;elbow=vertical;endFill=0;dashed=1;dashPattern=1 4;" target="id-a87f301278bc44d4a271c349b4d67fff"><mxGeometry as="geometry" relative="1" width="160"><mxPoint as="sourcePoint" x="108" y="367"/><mxPoint as="targetPoint" x="842" y="428"/></mxGeometry></mxCell></root></mxGraphModel>