<mxGraphModel arrows="1" connect="1" dx="786" dy="447" fold="1" grid="1" gridSize="10" guides="1" page="1" pageHeight="1169" pageScale="1" pageWidth="827" tooltips="1"><root><mxCell id="0"/><mxCell id="1" parent="0"/><mxCell id="id-910eba7b6e9f4e86b3fdb30fae99d168" parent="1" style="html=1;outlineConnect=0;whiteSpace=wrap;fillColor=#99ffff;shape=mxgraph.archimate3.application;appType=serv;archiType=rounded" value="Self registration service" vertex="1"><mxGeometry as="geometry" height="55" width="120" x="169" y="972"/></mxCell><mxCell id="id-d18fdba504ab4e76b09d947c2b07d56f" parent="1" style="html=1;outlineConnect=0;whiteSpace=wrap;fillColor=#99ffff;shape=mxgraph.archimate3.application;appType=serv;archiType=rounded" value="Guidance service" vertex="1"><mxGeometry as="geometry" height="55" width="120" x="433" y="972"/></mxCell><mxCell id="id-1c5d6f29af884510bd9d07b3989645fd" parent="1" style="html=1;outlineConnect=0;whiteSpace=wrap;fillColor=#99ffff;shape=mxgraph.archimate3.application;appType=serv;archiType=rounded" value="Queuing Service" vertex="1"><mxGeometry as="geometry" height="55" width="120" x="589" y="972"/></mxCell><mxCell id="id-d8bc85ce17e943f79b6d68739c0a81ab" parent="1" style="html=1;outlineConnect=0;whiteSpace=wrap;fillColor=#99ffff;shape=mxgraph.archimate3.application;appType=serv;archiType=rounded" value="Patient record service" vertex="1"><mxGeometry as="geometry" height="55" width="120" x="757" y="972"/></mxCell><mxCell id="id-54f2ace2a33942d0a4de8ab625c3e20f" parent="1" style="html=1;outlineConnect=0;whiteSpace=wrap;fillColor=#99ffff;shape=mxgraph.archimate3.application;appType=serv;archiType=rounded" value="Care practices" vertex="1"><mxGeometry as="geometry" height="55" width="120" x="974" y="972"/></mxCell><mxCell id="id-bf0397348db141c48470e3575274bc27" parent="1" style="html=1;outlineConnect=0;whiteSpace=wrap;fillColor=#ffff99;shape=mxgraph.archimate3.application;appType=collab;archiType=square;align=center;" value="Outpatient Care Collaboration" vertex="1"><mxGeometry as="geometry" height="55" width="120" x="552" y="576"/></mxCell><mxCell id="id-77860c814b804bf087b846c59690da77" parent="1" style="html=1;outlineConnect=0;whiteSpace=wrap;fillColor=#ffff99;shape=mxgraph.archimate3.application;appType=proc;archiType=rounded;verticalAlign=top;align=left;" value="Pre-Service Period" vertex="1"><mxGeometry as="geometry" height="109" width="193" x="132" y="816"/></mxCell><mxCell id="id-8d9134af46854ca092704dac7004736d" parent="1" style="html=1;outlineConnect=0;whiteSpace=wrap;fillColor=#ffff99;shape=mxgraph.archimate3.application;appType=proc;archiType=rounded;" value="Registration" vertex="1"><mxGeometry as="geometry" height="55" width="120" x="168" y="852"/></mxCell><mxCell id="id-148802828f3d418f9fd149aa65982075" parent="1" style="html=1;outlineConnect=0;whiteSpace=wrap;fillColor=#ffff99;shape=mxgraph.archimate3.application;appType=proc;archiType=rounded;verticalAlign=top;align=left;" value="Service Period" vertex="1"><mxGeometry as="geometry" height="109" width="493" x="402" y="816"/></mxCell><mxCell id="id-af6ec2a1bbeb4445aff67b470b83d61e" parent="1" style="html=1;outlineConnect=0;whiteSpace=wrap;fillColor=#ffff99;shape=mxgraph.archimate3.application;appType=proc;archiType=rounded;" value="Treatment" vertex="1"><mxGeometry as="geometry" height="55" width="120" x="762" y="852"/></mxCell><mxCell id="id-8f32994fe938497aa25cba3145ab608f" parent="1" style="html=1;outlineConnect=0;whiteSpace=wrap;fillColor=#ffff99;shape=mxgraph.archimate3.application;appType=proc;archiType=rounded;" value="Moving to care service point" vertex="1"><mxGeometry as="geometry" height="55" width="120" x="426" y="852"/></mxCell><mxCell id="id-4c909ddd990d45c7a5eef415420f8a0b" parent="1" style="html=1;outlineConnect=0;whiteSpace=wrap;fillColor=#ffff99;shape=mxgraph.archimate3.application;appType=proc;archiType=rounded;" value="Waiting" vertex="1"><mxGeometry as="geometry" height="55" width="120" x="594" y="852"/></mxCell><mxCell id="id-ad316a43f715497d924429e9afdd7e0a" parent="1" style="html=1;outlineConnect=0;whiteSpace=wrap;fillColor=#ffff99;shape=mxgraph.archimate3.application;appType=proc;archiType=rounded;verticalAlign=top;align=left;" value="Post-Service Period" vertex="1"><mxGeometry as="geometry" height="109" width="169" x="949" y="816"/></mxCell><mxCell id="id-090d748eca8140c59ea9bc77a09493b9" parent="1" style="html=1;outlineConnect=0;whiteSpace=wrap;fillColor=#ffff99;shape=mxgraph.archimate3.application;appType=proc;archiType=rounded;" value="Exit" vertex="1"><mxGeometry as="geometry" height="55" width="120" x="973" y="852"/></mxCell><mxCell id="id-ba8ea94fa32d405bb4a1a72fa9e24b29" parent="1" style="html=1;outlineConnect=0;whiteSpace=wrap;fillColor=#ffff99;shape=mxgraph.archimate3.application;appType=serv;archiType=rounded;" value="Pre-Service Period Service" vertex="1"><mxGeometry as="geometry" height="55" width="120" x="169" y="708"/></mxCell><mxCell id="id-8aed2204373f451c8a6baf3224fa7f80" parent="1" style="html=1;outlineConnect=0;whiteSpace=wrap;fillColor=#ffff99;shape=mxgraph.archimate3.application;appType=serv;archiType=rounded;" value="Service Period Service" vertex="1"><mxGeometry as="geometry" height="55" width="120" x="552" y="708"/></mxCell><mxCell id="id-b99e3e72e75140238ae96886db1f370d" parent="1" style="html=1;outlineConnect=0;whiteSpace=wrap;fillColor=#ffff99;shape=mxgraph.archimate3.application;appType=serv;archiType=rounded;" value="Post-Service Period Service" vertex="1"><mxGeometry as="geometry" height="55" width="120" x="974" y="708"/></mxCell><mxCell id="id-2f9e614dae3a43c7957f792ee2666bc0" parent="1" style="html=1;outlineConnect=0;whiteSpace=wrap;fillColor=#99ffff;shape=mxgraph.archimate3.component;" value="Self-registration Application" vertex="1"><mxGeometry as="geometry" height="55" width="120" x="300" y="1092"/></mxCell><mxCell id="id-be9b5552212d4312aca33c338caba07b" parent="1" style="html=1;outlineConnect=0;whiteSpace=wrap;fillColor=#99ffff;shape=mxgraph.archimate3.component;" value="Queue Application" vertex="1"><mxGeometry as="geometry" height="55" width="120" x="589" y="1092"/></mxCell><mxCell id="id-3566645c3ca84a3eaf6fe355c286b249" parent="1" style="html=1;outlineConnect=0;whiteSpace=wrap;fillColor=#99ffff;shape=mxgraph.archimate3.component;" value="Patient Informacion System" vertex="1"><mxGeometry as="geometry" height="55" width="120" x="757" y="1092"/></mxCell><mxCell id="id-fa37866e870f4b4b80ebf4206cbf3a32" parent="1" style="html=1;outlineConnect=0;whiteSpace=wrap;fillColor=#99ffff;shape=mxgraph.archimate3.component;" value="Caring Practices Application" vertex="1"><mxGeometry as="geometry" height="55" width="120" x="974" y="1092"/></mxCell><mxCell id="id-a563c18163474a3c88072099aabf3c5d" parent="1" style="html=1;outlineConnect=0;whiteSpace=wrap;fillColor=#CCCCFF;shape=mxgraph.archimate3.application;appType=role;archiType=oct;align=center;" value="Finantial VP" vertex="1"><mxGeometry as="geometry" height="55" width="120" x="444" y="12"/></mxCell><mxCell id="id-6f3169a956c04bed86da6d595109af65" parent="1" style="html=1;outlineConnect=0;whiteSpace=wrap;fillColor=#CCCCFF;shape=mxgraph.archimate3.application;appType=driver;archiType=oct;align=center;" value="Cost reduction" vertex="1"><mxGeometry as="geometry" height="55" width="120" x="444" y="120"/></mxCell><mxCell id="id-43bea5f3f47441918cfa9565e51fa1ce" parent="1" style="html=1;outlineConnect=0;whiteSpace=wrap;fillColor=#CCCCFF;shape=mxgraph.archimate3.application;appType=goal;archiType=oct;align=center;" value="Process automation" vertex="1"><mxGeometry as="geometry" height="55" width="120" x="552" y="240"/></mxCell><mxCell id="id-333e348592124b06b2b9aa36e2efab40" parent="1" style="html=1;outlineConnect=0;whiteSpace=wrap;fillColor=#CCCCFF;shape=mxgraph.archimate3.application;appType=goal;archiType=oct;align=center;" value="Fast time to deployment" vertex="1"><mxGeometry as="geometry" height="55" width="120" x="336" y="240"/></mxCell><mxCell id="id-417d3d00853449e0916c3b56ae24f012" parent="1" style="html=1;outlineConnect=0;whiteSpace=wrap;fillColor=#CCCCFF;shape=mxgraph.archimate3.application;appType=outcome;archiType=oct;align=center;" value="Increase automation by 50%" vertex="1"><mxGeometry as="geometry" height="55" width="148" x="538" y="348"/></mxCell><mxCell id="id-608fdcba86c94d8bb382cb423f04a685" parent="1" style="html=1;outlineConnect=0;whiteSpace=wrap;fillColor=#CCCCFF;shape=mxgraph.archimate3.application;appType=requirement;archiType=oct;align=center;" value="Automation of Car Service Assigment" vertex="1"><mxGeometry as="geometry" height="55" width="120" x="552" y="468"/></mxCell><mxCell edge="1" id="id-9d86c7a5e5514bc0bc828a102159b8ab" parent="1" source="id-910eba7b6e9f4e86b3fdb30fae99d168" style="edgeStyle=elbowEdgeStyle;html=1;endArrow=open;elbow=vertical;endFill=1;" target="id-8d9134af46854ca092704dac7004736d"><mxGeometry as="geometry" relative="1" width="160"><mxPoint as="sourcePoint" x="229" y="972"/><mxPoint as="targetPoint" x="228" y="907"/></mxGeometry></mxCell><mxCell edge="1" id="id-ec0b65d6f1e94f7881308b8d34bb8a24" parent="1" source="id-d18fdba504ab4e76b09d947c2b07d56f" style="edgeStyle=elbowEdgeStyle;html=1;endArrow=open;elbow=vertical;endFill=1;" target="id-8f32994fe938497aa25cba3145ab608f"><mxGeometry as="geometry" relative="1" width="160"><mxPoint as="sourcePoint" x="493" y="972"/><mxPoint as="targetPoint" x="486" y="907"/></mxGeometry></mxCell><mxCell edge="1" id="id-5e9e8f2c5ba14e0c93e5fa194fa55eb7" parent="1" source="id-1c5d6f29af884510bd9d07b3989645fd" style="edgeStyle=elbowEdgeStyle;html=1;endArrow=open;elbow=vertical;endFill=1;" target="id-4c909ddd990d45c7a5eef415420f8a0b"><mxGeometry as="geometry" relative="1" width="160"><mxPoint as="sourcePoint" x="649" y="972"/><mxPoint as="targetPoint" x="654" y="907"/></mxGeometry></mxCell><mxCell edge="1" id="id-17d4df3ee9254d97b9e2ee6cbaba0a85" parent="1" source="id-d8bc85ce17e943f79b6d68739c0a81ab" style="edgeStyle=elbowEdgeStyle;html=1;endArrow=open;elbow=vertical;endFill=1;" target="id-af6ec2a1bbeb4445aff67b470b83d61e"><mxGeometry as="geometry" relative="1" width="160"><mxPoint as="sourcePoint" x="817" y="972"/><mxPoint as="targetPoint" x="822" y="907"/></mxGeometry></mxCell><mxCell edge="1" id="id-7b2f9753fc254b3e95eded22289a1e69" parent="1" source="id-54f2ace2a33942d0a4de8ab625c3e20f" style="edgeStyle=elbowEdgeStyle;html=1;endArrow=open;elbow=vertical;endFill=1;" target="id-090d748eca8140c59ea9bc77a09493b9"><mxGeometry as="geometry" relative="1" width="160"><mxPoint as="sourcePoint" x="1034" y="972"/><mxPoint as="targetPoint" x="1033" y="907"/></mxGeometry></mxCell><mxCell edge="1" id="id-e938519ca2904aef8a99c7821514e944" parent="1" source="id-bf0397348db141c48470e3575274bc27" style="edgeStyle=elbowEdgeStyle;html=1;endArrow=block;elbow=vertical;endFill=0;dashed=1;" target="id-608fdcba86c94d8bb382cb423f04a685"><mxGeometry as="geometry" relative="1" width="160"><mxPoint as="sourcePoint" x="612" y="576"/><mxPoint as="targetPoint" x="612" y="523"/></mxGeometry></mxCell><mxCell edge="1" id="id-8ac947168c7b402b89e03fa1a8102469" parent="1" source="id-77860c814b804bf087b846c59690da77" style="edgeStyle=elbowEdgeStyle;html=1;endArrow=block;dashed=0;elbow=vertical;endFill=1;" target="id-148802828f3d418f9fd149aa65982075"><mxGeometry as="geometry" relative="1" width="160"><mxPoint as="sourcePoint" x="325" y="870"/><mxPoint as="targetPoint" x="402" y="870"/></mxGeometry></mxCell><mxCell edge="1" id="id-98964b3690f24ae99e910c44ff122af6" parent="1" source="id-77860c814b804bf087b846c59690da77" style="edgeStyle=elbowEdgeStyle;html=1;endArrow=block;elbow=vertical;endFill=0;dashed=1;" target="id-ba8ea94fa32d405bb4a1a72fa9e24b29"><mxGeometry as="geometry" relative="1" width="160"><mxPoint as="sourcePoint" x="228" y="816"/><mxPoint as="targetPoint" x="229" y="763"/></mxGeometry></mxCell><mxCell edge="1" id="id-dea4a07f19d2465297710c152f478dcd" parent="1" source="id-148802828f3d418f9fd149aa65982075" style="edgeStyle=elbowEdgeStyle;html=1;endArrow=block;dashed=0;elbow=vertical;endFill=1;" target="id-ad316a43f715497d924429e9afdd7e0a"><mxGeometry as="geometry" relative="1" width="160"><mxPoint as="sourcePoint" x="895" y="870"/><mxPoint as="targetPoint" x="949" y="870"/></mxGeometry></mxCell><mxCell edge="1" id="id-0c570d89f805474293919ea0729e4885" parent="1" source="id-148802828f3d418f9fd149aa65982075" style="edgeStyle=elbowEdgeStyle;html=1;endArrow=block;elbow=vertical;endFill=0;dashed=1;" target="id-8aed2204373f451c8a6baf3224fa7f80"><mxGeometry as="geometry" relative="1" width="160"><mxPoint as="sourcePoint" x="648" y="816"/><mxPoint as="targetPoint" x="612" y="763"/></mxGeometry></mxCell><mxCell edge="1" id="id-f19065d5baab4adc852cb70737109eee" parent="1" source="id-8f32994fe938497aa25cba3145ab608f" style="edgeStyle=elbowEdgeStyle;html=1;endArrow=block;dashed=0;elbow=vertical;endFill=1;" target="id-4c909ddd990d45c7a5eef415420f8a0b"><mxGeometry as="geometry" relative="1" width="160"><mxPoint as="sourcePoint" x="546" y="879"/><mxPoint as="targetPoint" x="594" y="879"/></mxGeometry></mxCell><mxCell edge="1" id="id-94876c72baae4d729ef4826347d56d90" parent="1" source="id-4c909ddd990d45c7a5eef415420f8a0b" style="edgeStyle=elbowEdgeStyle;html=1;endArrow=block;dashed=0;elbow=vertical;endFill=1;" target="id-af6ec2a1bbeb4445aff67b470b83d61e"><mxGeometry as="geometry" relative="1" width="160"><mxPoint as="sourcePoint" x="714" y="879"/><mxPoint as="targetPoint" x="762" y="879"/></mxGeometry></mxCell><mxCell edge="1" id="id-581e9c1bec594d25be1e0242c5ef068f" parent="1" source="id-ad316a43f715497d924429e9afdd7e0a" style="edgeStyle=elbowEdgeStyle;html=1;endArrow=block;elbow=vertical;endFill=0;dashed=1;" target="id-b99e3e72e75140238ae96886db1f370d"><mxGeometry as="geometry" relative="1" width="160"><mxPoint as="sourcePoint" x="1033" y="816"/><mxPoint as="targetPoint" x="1034" y="763"/></mxGeometry></mxCell><mxCell edge="1" id="id-e4ca00fe661b42ef9a2b181265227e69" parent="1" source="id-ba8ea94fa32d405bb4a1a72fa9e24b29" style="edgeStyle=elbowEdgeStyle;html=1;endArrow=open;elbow=vertical;endFill=1;" target="id-bf0397348db141c48470e3575274bc27"><mxGeometry as="geometry" relative="1" width="160"><mxPoint as="sourcePoint" x="229" y="708"/><mxPoint as="targetPoint" x="612" y="631"/></mxGeometry></mxCell><mxCell edge="1" id="id-c3b8cbf599f241efbf48f2d0e0dfe9dd" parent="1" source="id-8aed2204373f451c8a6baf3224fa7f80" style="edgeStyle=elbowEdgeStyle;html=1;endArrow=open;elbow=vertical;endFill=1;" target="id-bf0397348db141c48470e3575274bc27"><mxGeometry as="geometry" relative="1" width="160"><mxPoint as="sourcePoint" x="612" y="708"/><mxPoint as="targetPoint" x="612" y="631"/></mxGeometry></mxCell><mxCell edge="1" id="id-a59b82fd2be94b83a25408f61046eb8b" parent="1" source="id-b99e3e72e75140238ae96886db1f370d" style="edgeStyle=elbowEdgeStyle;html=1;endArrow=open;elbow=vertical;endFill=1;" target="id-bf0397348db141c48470e3575274bc27"><mxGeometry as="geometry" relative="1" width="160"><mxPoint as="sourcePoint" x="1034" y="708"/><mxPoint as="targetPoint" x="612" y="631"/></mxGeometry></mxCell><mxCell edge="1" id="id-fc5b90f635f541ecbe36b0b5bd7aac1b" parent="1" source="id-2f9e614dae3a43c7957f792ee2666bc0" style="edgeStyle=elbowEdgeStyle;html=1;endArrow=block;elbow=vertical;endFill=0;dashed=1;" target="id-d18fdba504ab4e76b09d947c2b07d56f"><mxGeometry as="geometry" relative="1" width="160"><mxPoint as="sourcePoint" x="360" y="1092"/><mxPoint as="targetPoint" x="493" y="1027"/></mxGeometry></mxCell><mxCell edge="1" id="id-9255860a9f0e44d5956296db90095a9d" parent="1" source="id-2f9e614dae3a43c7957f792ee2666bc0" style="edgeStyle=elbowEdgeStyle;html=1;endArrow=block;elbow=vertical;endFill=0;dashed=1;" target="id-910eba7b6e9f4e86b3fdb30fae99d168"><mxGeometry as="geometry" relative="1" width="160"><mxPoint as="sourcePoint" x="360" y="1092"/><mxPoint as="targetPoint" x="229" y="1027"/></mxGeometry></mxCell><mxCell edge="1" id="id-680f911aca3049ac8925d00ce88a16c5" parent="1" source="id-be9b5552212d4312aca33c338caba07b" style="edgeStyle=elbowEdgeStyle;html=1;endArrow=block;elbow=vertical;endFill=0;dashed=1;" target="id-1c5d6f29af884510bd9d07b3989645fd"><mxGeometry as="geometry" relative="1" width="160"><mxPoint as="sourcePoint" x="649" y="1092"/><mxPoint as="targetPoint" x="649" y="1027"/></mxGeometry></mxCell><mxCell edge="1" id="id-adac71156b68425099845d0c3e32068b" parent="1" source="id-3566645c3ca84a3eaf6fe355c286b249" style="edgeStyle=elbowEdgeStyle;html=1;endArrow=block;elbow=vertical;endFill=0;dashed=1;" target="id-d8bc85ce17e943f79b6d68739c0a81ab"><mxGeometry as="geometry" relative="1" width="160"><mxPoint as="sourcePoint" x="817" y="1092"/><mxPoint as="targetPoint" x="817" y="1027"/></mxGeometry></mxCell><mxCell edge="1" id="id-d7f7587cae534b6898770f5c041ba98e" parent="1" source="id-fa37866e870f4b4b80ebf4206cbf3a32" style="edgeStyle=elbowEdgeStyle;html=1;endArrow=block;elbow=vertical;endFill=0;dashed=1;" target="id-54f2ace2a33942d0a4de8ab625c3e20f"><mxGeometry as="geometry" relative="1" width="160"><mxPoint as="sourcePoint" x="1034" y="1092"/><mxPoint as="targetPoint" x="1034" y="1027"/></mxGeometry></mxCell><mxCell edge="1" id="id-403f09c10e5746248187e99469881ead" parent="1" source="id-a563c18163474a3c88072099aabf3c5d" style="edgeStyle=elbowEdgeStyle;html=1;endArrow=none;elbow=vertical;" target="id-6f3169a956c04bed86da6d595109af65"><mxGeometry as="geometry" relative="1" width="160"><mxPoint as="sourcePoint" x="504" y="67"/><mxPoint as="targetPoint" x="504" y="120"/></mxGeometry></mxCell><mxCell edge="1" id="id-e02c3aa4fa73403dbb4743ab5234b38b" parent="1" source="id-6f3169a956c04bed86da6d595109af65" style="edgeStyle=elbowEdgeStyle;html=1;endArrow=none;elbow=vertical;" target="id-43bea5f3f47441918cfa9565e51fa1ce"><mxGeometry as="geometry" relative="1" width="160"><mxPoint as="sourcePoint" x="504" y="175"/><mxPoint as="targetPoint" x="612" y="240"/></mxGeometry></mxCell><mxCell edge="1" id="id-6bdaaf916e4643d1b6f818e957785a4c" parent="1" source="id-6f3169a956c04bed86da6d595109af65" style="edgeStyle=elbowEdgeStyle;html=1;endArrow=none;elbow=vertical;" target="id-333e348592124b06b2b9aa36e2efab40"><mxGeometry as="geometry" relative="1" width="160"><mxPoint as="sourcePoint" x="504" y="175"/><mxPoint as="targetPoint" x="396" y="240"/></mxGeometry></mxCell><mxCell edge="1" id="id-a8c55a8c9908457daa4d4e13cbae5605" parent="1" source="id-417d3d00853449e0916c3b56ae24f012" style="edgeStyle=elbowEdgeStyle;html=1;endArrow=block;elbow=vertical;endFill=0;dashed=1;" target="id-43bea5f3f47441918cfa9565e51fa1ce"><mxGeometry as="geometry" relative="1" width="160"><mxPoint as="sourcePoint" x="612" y="348"/><mxPoint as="targetPoint" x="612" y="295"/></mxGeometry></mxCell><mxCell edge="1" id="id-34b92003054840849274659473ef8b1a" parent="1" source="id-608fdcba86c94d8bb382cb423f04a685" style="edgeStyle=elbowEdgeStyle;html=1;endArrow=block;elbow=vertical;endFill=0;dashed=1;" target="id-417d3d00853449e0916c3b56ae24f012"><mxGeometry as="geometry" relative="1" width="160"><mxPoint as="sourcePoint" x="612" y="468"/><mxPoint as="targetPoint" x="612" y="403"/></mxGeometry></mxCell></root></mxGraphModel>