<mxGraphModel arrows="1" connect="1" dx="786" dy="447" fold="1" grid="1" gridSize="10" guides="1" page="1" pageHeight="1169" pageScale="1" pageWidth="827" tooltips="1"><root><mxCell id="0"/><mxCell id="1" parent="0"/><mxCell id="id-cd9742cbff0c416ab87c51ab59c1cc89" parent="1" style="html=1;outlineConnect=0;whiteSpace=wrap;fillColor=#ffff99;shape=mxgraph.archimate3.application;appType=proc;archiType=rounded;verticalAlign=top;align=left;" value="Agrupado" vertex="1"><mxGeometry as="geometry" height="109" width="303" x="214" y="144"/></mxCell><mxCell id="id-abcf4f6624634c02a772c40aa3adb2cd" parent="1" style="html=1;outlineConnect=0;whiteSpace=wrap;fillColor=#ffff99;shape=mxgraph.archimate3.application;appType=proc;archiType=rounded;" value="Uno" vertex="1"><mxGeometry as="geometry" height="55" width="85" x="238" y="184"/></mxCell><mxCell id="id-e516b87d545b45669440441d76c935f2" parent="1" style="html=1;outlineConnect=0;whiteSpace=wrap;fillColor=#ffff99;shape=mxgraph.archimate3.application;appType=proc;archiType=rounded;" value="Dos" vertex="1"><mxGeometry as="geometry" height="55" width="84" x="418" y="184"/></mxCell><mxCell edge="1" id="id-813815d410f54abea78c80113d50a8ff" parent="1" source="id-abcf4f6624634c02a772c40aa3adb2cd" style="edgeStyle=elbowEdgeStyle;html=1;endArrow=block;dashed=0;elbow=vertical;endFill=1;" target="id-e516b87d545b45669440441d76c935f2"><mxGeometry as="geometry" relative="1" width="160"><mxPoint as="sourcePoint" x="323" y="211"/><mxPoint as="targetPoint" x="418" y="211"/></mxGeometry></mxCell></root></mxGraphModel>