{"cells":[{"size":{"width":156,"height":50},"angle":0,"z":1,"id":"4","position":{"x":14,"y":10},"type":"standard.Rectangle","attrs":{"label":{"text":"<<Component>>\nDataAccess","fill":"white"},"body":{"fill":"#607D8B"}}},{"size":{"width":156,"height":50},"angle":0,"z":1,"id":"5","position":{"x":385,"y":7},"type":"standard.Rectangle","attrs":{"label":{"text":"<<Component>>\nMaterialLoan","fill":"white"},"body":{"fill":"#607D8B"}}},{"size":{"width":156,"height":50},"angle":0,"z":1,"id":"6","position":{"x":202,"y":108},"type":"standard.Rectangle","attrs":{"label":{"text":"<<Component>>\nMaterialReturn","fill":"white"},"body":{"fill":"#607D8B"}}},{"size":{"width":150,"height":50},"angle":0,"z":1,"id":"2","position":{"x":211,"y":8},"type":"standard.Rectangle","attrs":{"label":{"text":"<<Connector>>\nType: ProcedureCall\ncon2","fill":"black"},"body":{"fill":"#dfe6e9"}}},{"z":2,"id":"241584906373369","source":{"id":"2"},"type":"standard.Link","target":{"id":"4"}},{"z":2,"id":"521584906373370","source":{"id":"5"},"type":"standard.Link","target":{"id":"2"}},{"size":{"width":150,"height":50},"angle":0,"z":1,"id":"3","position":{"x":16,"y":107},"type":"standard.Rectangle","attrs":{"label":{"text":"<<Connector>>\nType: ProcedureCall\ncon1","fill":"black"},"body":{"fill":"#dfe6e9"}}},{"z":2,"id":"431584906373371","source":{"id":"4"},"type":"standard.Link","target":{"id":"3"}},{"z":2,"id":"361584906373371","source":{"id":"3"},"type":"standard.Link","target":{"id":"6"}}]}