{"cells":[{"size":{"width":120,"height":50},"angle":0,"z":1,"id":"5","position":{"x":212,"y":8},"type":"standard.Rectangle","attrs":{"label":{"text":"<<Component>>\nPedidos","fill":"white"},"body":{"fill":"#607D8B"}}},{"size":{"width":170,"height":50},"angle":0,"z":1,"id":"7","position":{"x":543,"y":10},"type":"standard.Rectangle","attrs":{"label":{"text":"<<Component>>\nManejadorEstadisticas","fill":"white"},"body":{"fill":"#607D8B"}}},{"size":{"width":100,"height":50},"angle":0,"z":1,"id":"8","position":{"x":33,"y":112},"type":"standard.Rectangle","attrs":{"label":{"text":"<<Component>>\nPagos","fill":"white"},"body":{"fill":"#607D8B"}}},{"size":{"width":120,"height":50},"angle":0,"z":1,"id":"10","position":{"x":216,"y":192},"type":"standard.Rectangle","attrs":{"label":{"text":"<<Component>>\nLogistica","fill":"white"},"body":{"fill":"#607D8B"}}},{"size":{"width":120,"height":50},"angle":0,"z":1,"id":"11","position":{"x":569,"y":193},"type":"standard.Rectangle","attrs":{"label":{"text":"<<Component>>\nPersistencia","fill":"white"},"body":{"fill":"#607D8B"}}},{"size":{"width":150,"height":50},"angle":0,"z":1,"id":"2","position":{"x":365,"y":9},"type":"standard.Rectangle","attrs":{"label":{"text":"<<Connector>>\nType: ProcedureCall\nCon2","fill":"black"},"body":{"fill":"#dfe6e9"}}},{"z":2,"id":"521584906588812","source":{"id":"5"},"type":"standard.Link","target":{"id":"2"}},{"z":2,"id":"271584906588813","source":{"id":"2"},"type":"standard.Link","target":{"id":"7"}},{"size":{"width":150,"height":50},"angle":0,"z":1,"id":"3","position":{"x":8,"y":8},"type":"standard.Rectangle","attrs":{"label":{"text":"<<Connector>>\nType: Stream\nCon1","fill":"black"},"body":{"fill":"#dfe6e9"}}},{"z":2,"id":"531584906588813","source":{"id":"5"},"type":"standard.Link","target":{"id":"3"}},{"z":2,"id":"381584906588813","source":{"id":"3"},"type":"standard.Link","target":{"id":"8"}},{"size":{"width":150,"height":50},"angle":0,"z":1,"id":"4","position":{"x":198,"y":102},"type":"standard.Rectangle","attrs":{"label":{"text":"<<Connector>>\nType: ProcedureCall\ncon3","fill":"black"},"body":{"fill":"#dfe6e9"}}},{"z":2,"id":"541584906588813","source":{"id":"5"},"type":"standard.Link","target":{"id":"4"}},{"z":2,"id":"4101584906588814","source":{"id":"4"},"type":"standard.Link","target":{"id":"10"}},{"size":{"width":150,"height":50},"angle":0,"z":1,"id":"6","position":{"x":554,"y":92},"type":"standard.Rectangle","attrs":{"label":{"text":"<<Connector>>\nType: Distributor\ncon5","fill":"black"},"body":{"fill":"#dfe6e9"}}},{"z":2,"id":"761584906588814","source":{"id":"7"},"type":"standard.Link","target":{"id":"6"}},{"z":2,"id":"6111584906588814","source":{"id":"6"},"type":"standard.Link","target":{"id":"11"}},{"size":{"width":150,"height":50},"angle":0,"z":1,"id":"9","position":{"x":387,"y":192},"type":"standard.Rectangle","attrs":{"label":{"text":"<<Connector>>\nType: Distributor\ncon4","fill":"black"},"body":{"fill":"#dfe6e9"}}},{"z":2,"id":"1091584906588814","source":{"id":"10"},"type":"standard.Link","target":{"id":"9"}},{"z":2,"id":"9111584906588814","source":{"id":"9"},"type":"standard.Link","target":{"id":"11"}}]}