<mxGraphModel arrows="1" connect="1" dx="786" dy="447" fold="1" grid="1" gridSize="10" guides="1" page="1" pageHeight="1169" pageScale="1" pageWidth="827" tooltips="1"><root><mxCell id="0"/><mxCell id="1" parent="0"/><mxCell id="id-c843c685c7d14f69af091855748b6831" parent="1" style="html=1;outlineConnect=0;whiteSpace=wrap;fillColor=#99ffff;shape=mxgraph.archimate3.component;strokeWidth=2;" value="Asignacion Cita Componente" vertex="1"><mxGeometry as="geometry" height="55" width="120" x="492" y="1212"/></mxCell><mxCell id="id-fba0396834c74a84b85c10410d38cc79" parent="1" style="html=1;outlineConnect=0;whiteSpace=wrap;fillColor=#99ffff;shape=mxgraph.archimate3.application;appType=interface;archiType=square;strokeWidth=2;" value="Solicitud Mecanico Outbound Queue" vertex="1"><mxGeometry as="geometry" height="55" width="153" x="480" y="1308"/></mxCell><mxCell id="id-8298d7a9596f48b08af2c9fc15f27d36" parent="1" style="html=1;outlineConnect=0;whiteSpace=wrap;fillColor=#99ffff;shape=mxgraph.archimate3.application;appType=serv;archiType=rounded" value="Asignación Service" vertex="1"><mxGeometry as="geometry" height="55" width="120" x="492" y="1116"/></mxCell><mxCell id="id-cad9fbb1aaa34fad82dc3fe06fd279d8" parent="1" style="html=1;outlineConnect=0;whiteSpace=wrap;fillColor=#99ffff;shape=mxgraph.archimate3.application;appType=collab;archiType=square;" value="Asignacion Mecanico Topic" vertex="1"><mxGeometry as="geometry" height="55" width="181" x="564" y="1404"/></mxCell><mxCell edge="1" id="id-22cbcf2a2e1c4a538a2419c8aa530cb2" parent="1" source="id-c843c685c7d14f69af091855748b6831" style="edgeStyle=elbowEdgeStyle;html=1;endArrow=block;elbow=vertical;endFill=0;dashed=1;" target="id-8298d7a9596f48b08af2c9fc15f27d36"><mxGeometry as="geometry" relative="1" width="160"><mxPoint as="sourcePoint" x="552" y="1212"/><mxPoint as="targetPoint" x="552" y="1171"/></mxGeometry></mxCell><mxCell edge="1" id="id-59ed7bb005f54d658456e0fefe193145" parent="1" source="id-fba0396834c74a84b85c10410d38cc79" style="html=1;endArrow=diamondThin;endFill=1;edgeStyle=elbowEdgeStyle;elbow=vertical;endSize=10;" target="id-c843c685c7d14f69af091855748b6831"><mxGeometry as="geometry" relative="1" width="160"><mxPoint as="sourcePoint" x="552" y="1267"/><mxPoint as="targetPoint" x="556" y="1308"/></mxGeometry></mxCell><mxCell edge="1" id="id-e413e297ad0d4a6c8a152f47e8b4773a" parent="1" source="id-fba0396834c74a84b85c10410d38cc79" style="edgeStyle=elbowEdgeStyle;html=1;endArrow=open;elbow=vertical;endFill=1;" target="id-cad9fbb1aaa34fad82dc3fe06fd279d8"><mxGeometry as="geometry" relative="1" width="160"><mxPoint as="sourcePoint" x="556" y="1363"/><mxPoint as="targetPoint" x="654" y="1404"/></mxGeometry></mxCell></root></mxGraphModel>