<mxGraphModel arrows="1" connect="1" dx="786" dy="447" fold="1" grid="1" gridSize="10" guides="1" page="1" pageHeight="1169" pageScale="1" pageWidth="827" tooltips="1"><root><mxCell id="0"/><mxCell id="1" parent="0"/><mxCell id="id-03807c58fc3f4336bd5dca3c6e882b72" parent="1" style="html=1;outlineConnect=0;whiteSpace=wrap;fillColor=#ffff99;shape=mxgraph.archimate3.application;appType=proc;archiType=rounded;verticalAlign=top;align=left;strokeWidth=2;" value="&amp;lt;b&amp;gt;Asignación Cita&amp;lt;/b&amp;gt;" vertex="1"><mxGeometry as="geometry" height="133" width="517" x="300" y="924"/></mxCell><mxCell id="id-56c43dc5e1d048da830b48ac95a23fa3" parent="1" style="html=1;outlineConnect=0;whiteSpace=wrap;fillColor=#ffff99;shape=mxgraph.archimate3.application;appType=proc;archiType=rounded;strokeWidth=2;" value="&amp;lt;b&amp;gt;Asignación de Turno&amp;lt;/b&amp;gt;" vertex="1"><mxGeometry as="geometry" height="55" width="120" x="492" y="984"/></mxCell><mxCell id="id-4990a8b390454b9f9a431208ef374f90" parent="1" style="html=1;outlineConnect=0;whiteSpace=wrap;fillColor=#99ffff;shape=mxgraph.archimate3.application;appType=serv;archiType=roundedstrokeWidth=2;" value="&amp;lt;b&amp;gt;Personal Service&amp;lt;/b&amp;gt;" vertex="1"><mxGeometry as="geometry" height="55" width="120" x="660" y="1116"/></mxCell><mxCell id="id-1d59b053e485430c9ed9763e21ea28a3" parent="1" style="html=1;outlineConnect=0;whiteSpace=wrap;fillColor=#ffff99;shape=mxgraph.archimate3.application;appType=proc;archiType=rounded;" value="Localización Centros de Atención" vertex="1"><mxGeometry as="geometry" height="55" width="120" x="324" y="984"/></mxCell><mxCell id="id-d522edb4091b48ec9898c248d3ca5946" parent="1" style="html=1;outlineConnect=0;whiteSpace=wrap;fillColor=#ffff99;shape=mxgraph.archimate3.application;appType=proc;archiType=rounded;" value="Selección de Mecánico" vertex="1"><mxGeometry as="geometry" height="55" width="120" x="660" y="984"/></mxCell><mxCell id="id-eaf0ed0caa2a4e33a3f560d49c655142" parent="1" style="html=1;outlineConnect=0;whiteSpace=wrap;fillColor=#ffff99;shape=mxgraph.archimate3.application;appType=proc;archiType=rounded;verticalAlign=top;align=left;" value="Post-asignación Cita" vertex="1"><mxGeometry as="geometry" height="133" width="181" x="864" y="924"/></mxCell><mxCell id="id-0207a834bef34be4ab6979bb2643902d" parent="1" style="html=1;outlineConnect=0;whiteSpace=wrap;fillColor=#ffff99;shape=mxgraph.archimate3.application;appType=serv;archiType=rounded;" value="Asignación Cita Service" vertex="1"><mxGeometry as="geometry" height="55" width="205" x="456" y="816"/></mxCell><mxCell id="id-a39ee3e3a7b64f1faf59c35377bf2466" parent="1" style="html=1;outlineConnect=0;whiteSpace=wrap;fillColor=#ffff99;shape=mxgraph.archimate3.application;appType=proc;archiType=rounded;verticalAlign=top;align=left;" value="Pre-asignación Cita" vertex="1"><mxGeometry as="geometry" height="133" width="207" x="60" y="924"/></mxCell><mxCell id="id-8298d7a9596f48b08af2c9fc15f27d36" parent="1" style="html=1;outlineConnect=0;whiteSpace=wrap;fillColor=#99ffff;shape=mxgraph.archimate3.application;appType=serv;archiType=rounded" value="Asignación Service" vertex="1"><mxGeometry as="geometry" height="55" width="120" x="492" y="1116"/></mxCell><mxCell id="id-17896b7ef22246eaaba05834917cbd36" parent="1" style="html=1;outlineConnect=0;whiteSpace=wrap;fillColor=#99ffff;shape=mxgraph.archimate3.component;" value="Gestion Mecanico Componente" vertex="1"><mxGeometry as="geometry" height="55" width="120" x="660" y="1212"/></mxCell><mxCell edge="1" id="id-b7e7f65d822e4d4bac9b8fff3794f471" parent="1" source="id-03807c58fc3f4336bd5dca3c6e882b72" style="edgeStyle=elbowEdgeStyle;html=1;endArrow=block;dashed=0;elbow=vertical;endFill=1;" target="id-eaf0ed0caa2a4e33a3f560d49c655142"><mxGeometry as="geometry" relative="1" width="160"><mxPoint as="sourcePoint" x="817" y="990"/><mxPoint as="targetPoint" x="864" y="990"/></mxGeometry></mxCell><mxCell edge="1" id="id-eb0bb8213b99439d8204fdce8b802c00" parent="1" source="id-03807c58fc3f4336bd5dca3c6e882b72" style="edgeStyle=elbowEdgeStyle;html=1;endArrow=block;elbow=vertical;endFill=0;dashed=1;" target="id-0207a834bef34be4ab6979bb2643902d"><mxGeometry as="geometry" relative="1" width="160"><mxPoint as="sourcePoint" x="558" y="924"/><mxPoint as="targetPoint" x="558" y="871"/></mxGeometry></mxCell><mxCell edge="1" id="id-4283934c1d2b483baf31caab3d0cbf2e" parent="1" source="id-1d59b053e485430c9ed9763e21ea28a3" style="edgeStyle=elbowEdgeStyle;html=1;endArrow=block;dashed=0;elbow=vertical;endFill=1;" target="id-56c43dc5e1d048da830b48ac95a23fa3"><mxGeometry as="geometry" relative="1" width="160"><mxPoint as="sourcePoint" x="444" y="1011"/><mxPoint as="targetPoint" x="492" y="1011"/></mxGeometry></mxCell><mxCell edge="1" id="id-61e97d9083d44f509c45137437491467" parent="1" source="id-56c43dc5e1d048da830b48ac95a23fa3" style="edgeStyle=elbowEdgeStyle;html=1;endArrow=block;dashed=0;elbow=vertical;endFill=1;" target="id-d522edb4091b48ec9898c248d3ca5946"><mxGeometry as="geometry" relative="1" width="160"><mxPoint as="sourcePoint" x="612" y="1011"/><mxPoint as="targetPoint" x="660" y="1011"/></mxGeometry></mxCell><mxCell edge="1" id="id-25a2957a45b34c5cb280fdeec4676ea9" parent="1" source="id-a39ee3e3a7b64f1faf59c35377bf2466" style="edgeStyle=elbowEdgeStyle;html=1;endArrow=block;dashed=0;elbow=vertical;endFill=1;" target="id-03807c58fc3f4336bd5dca3c6e882b72"><mxGeometry as="geometry" relative="1" width="160"><mxPoint as="sourcePoint" x="267" y="990"/><mxPoint as="targetPoint" x="300" y="990"/></mxGeometry></mxCell><mxCell edge="1" id="id-3fae9b4644e54e35b1d753c87e122d7c" parent="1" source="id-8298d7a9596f48b08af2c9fc15f27d36" style="edgeStyle=elbowEdgeStyle;html=1;endArrow=open;elbow=vertical;endFill=1;" target="id-56c43dc5e1d048da830b48ac95a23fa3"><mxGeometry as="geometry" relative="1" width="160"><mxPoint as="sourcePoint" x="552" y="1116"/><mxPoint as="targetPoint" x="552" y="1039"/></mxGeometry></mxCell><mxCell edge="1" id="id-e41e2905405447b0bfd109503ee41d5e" parent="1" source="id-4990a8b390454b9f9a431208ef374f90" style="edgeStyle=elbowEdgeStyle;html=1;endArrow=open;elbow=vertical;endFill=1;" target="id-d522edb4091b48ec9898c248d3ca5946"><mxGeometry as="geometry" relative="1" width="160"><mxPoint as="sourcePoint" x="720" y="1116"/><mxPoint as="targetPoint" x="720" y="1039"/></mxGeometry></mxCell><mxCell edge="1" id="id-7dd98079759a49438a12110f080d46bc" parent="1" source="id-17896b7ef22246eaaba05834917cbd36" style="edgeStyle=elbowEdgeStyle;html=1;endArrow=block;elbow=vertical;endFill=0;dashed=1;" target="id-4990a8b390454b9f9a431208ef374f90"><mxGeometry as="geometry" relative="1" width="160"><mxPoint as="sourcePoint" x="720" y="1212"/><mxPoint as="targetPoint" x="720" y="1171"/></mxGeometry></mxCell></root></mxGraphModel>