{
  "data": [
    {
      "time": "2015-03-23",
      "body": {
        "tag": "p",
        "content": "contenido de prueba"
      }
    },
    {
      "time": "2015-03-25",
      "body": {
        "tag": "p",
        "content": "contenido de prueba"
      }
    },
    {
      "time": "2015-03-29",
      "body": {
        "tag": "p",
        "content": "contenido de prueba"
      }
    },
    {
      "time": "2015-03-31",
      "body": {
        "tag": "p",
        "content": "contenido de prueba"
      }
    }
  ]
}