<mxGraphModel arrows="1" connect="1" dx="786" dy="447" fold="1" grid="1" gridSize="10" guides="1" page="1" pageHeight="1169" pageScale="1" pageWidth="827" tooltips="1"><root><mxCell id="0"/><mxCell id="1" parent="0"/><mxCell id="id-56c43dc5e1d048da830b48ac95a23fa3" parent="1" style="html=1;outlineConnect=0;whiteSpace=wrap;fillColor=#ffff99;shape=mxgraph.archimate3.application;appType=proc;archiType=rounded;strokeWidth=2;" value="Asignación de Turno" vertex="1"><mxGeometry as="geometry" height="55" width="120" x="492" y="984"/></mxCell><mxCell id="id-0207a834bef34be4ab6979bb2643902d" parent="1" style="html=1;outlineConnect=0;whiteSpace=wrap;fillColor=#ffff99;shape=mxgraph.archimate3.application;appType=serv;archiType=rounded;strokeWidth=2;" value="Asignación Cita Service" vertex="1"><mxGeometry as="geometry" height="55" width="205" x="456" y="816"/></mxCell><mxCell id="id-608fdcba86c94d8bb382cb423f04a685" parent="1" style="html=1;outlineConnect=0;whiteSpace=wrap;fillColor=#CCCCFF;shape=mxgraph.archimate3.application;appType=requirement;archiType=oct;align=center;strokeWidth=2;" value="Automation of Car Service Assigment" vertex="1"><mxGeometry as="geometry" height="55" width="120" x="499" y="540"/></mxCell><mxCell id="id-c843c685c7d14f69af091855748b6831" parent="1" style="html=1;outlineConnect=0;whiteSpace=wrap;fillColor=#99ffff;shape=mxgraph.archimate3.component;strokeWidth=2;" value="Asignacion Cita Componente" vertex="1"><mxGeometry as="geometry" height="55" width="120" x="492" y="1212"/></mxCell><mxCell id="id-fba0396834c74a84b85c10410d38cc79" parent="1" style="html=1;outlineConnect=0;whiteSpace=wrap;fillColor=#99ffff;shape=mxgraph.archimate3.application;appType=interface;archiType=square;strokeWidth=2;" value="Solicitud Mecanico Outbound Queue" vertex="1"><mxGeometry as="geometry" height="55" width="153" x="480" y="1308"/></mxCell><mxCell id="id-03807c58fc3f4336bd5dca3c6e882b72" parent="1" style="html=1;outlineConnect=0;whiteSpace=wrap;fillColor=#ffff99;shape=mxgraph.archimate3.application;appType=proc;archiType=rounded;verticalAlign=top;align=left;" value="Asignación Cita" vertex="1"><mxGeometry as="geometry" height="133" width="517" x="300" y="924"/></mxCell><mxCell id="id-1d59b053e485430c9ed9763e21ea28a3" parent="1" style="html=1;outlineConnect=0;whiteSpace=wrap;fillColor=#ffff99;shape=mxgraph.archimate3.application;appType=proc;archiType=rounded;" value="Localización Centros de Atención" vertex="1"><mxGeometry as="geometry" height="55" width="120" x="324" y="984"/></mxCell><mxCell id="id-d522edb4091b48ec9898c248d3ca5946" parent="1" style="html=1;outlineConnect=0;whiteSpace=wrap;fillColor=#ffff99;shape=mxgraph.archimate3.application;appType=proc;archiType=rounded;" value="Selección de Mecánico" vertex="1"><mxGeometry as="geometry" height="55" width="120" x="660" y="984"/></mxCell><mxCell id="id-dd103b3bf5fd46f19367c7438af19280" parent="1" style="html=1;outlineConnect=0;whiteSpace=wrap;fillColor=#ffff99;shape=mxgraph.archimate3.application;appType=collab;archiType=square;align=center;" value="Cuidado del Vehículo Collaboration" vertex="1"><mxGeometry as="geometry" height="55" width="205" x="456" y="660"/></mxCell><mxCell id="id-417d3d00853449e0916c3b56ae24f012" parent="1" style="html=1;outlineConnect=0;whiteSpace=wrap;fillColor=#CCCCFF;shape=mxgraph.archimate3.application;appType=outcome;archiType=oct;align=center;" value="Increase automation by 50%" vertex="1"><mxGeometry as="geometry" height="55" width="148" x="485" y="420"/></mxCell><mxCell id="id-8298d7a9596f48b08af2c9fc15f27d36" parent="1" style="html=1;outlineConnect=0;whiteSpace=wrap;fillColor=#99ffff;shape=mxgraph.archimate3.application;appType=serv;archiType=rounded" value="Asignación Service" vertex="1"><mxGeometry as="geometry" height="55" width="120" x="492" y="1116"/></mxCell><mxCell id="id-cad9fbb1aaa34fad82dc3fe06fd279d8" parent="1" style="html=1;outlineConnect=0;whiteSpace=wrap;fillColor=#99ffff;shape=mxgraph.archimate3.application;appType=collab;archiType=square;" value="Asignacion Mecanico Topic" vertex="1"><mxGeometry as="geometry" height="55" width="181" x="564" y="1404"/></mxCell><mxCell edge="1" id="id-eb0bb8213b99439d8204fdce8b802c00" parent="1" source="id-03807c58fc3f4336bd5dca3c6e882b72" style="edgeStyle=elbowEdgeStyle;html=1;endArrow=block;elbow=vertical;endFill=0;dashed=1;" target="id-0207a834bef34be4ab6979bb2643902d"><mxGeometry as="geometry" relative="1" width="160"><mxPoint as="sourcePoint" x="558" y="924"/><mxPoint as="targetPoint" x="558" y="871"/></mxGeometry></mxCell><mxCell edge="1" id="id-4283934c1d2b483baf31caab3d0cbf2e" parent="1" source="id-1d59b053e485430c9ed9763e21ea28a3" style="edgeStyle=elbowEdgeStyle;html=1;endArrow=block;dashed=0;elbow=vertical;endFill=1;" target="id-56c43dc5e1d048da830b48ac95a23fa3"><mxGeometry as="geometry" relative="1" width="160"><mxPoint as="sourcePoint" x="444" y="1011"/><mxPoint as="targetPoint" x="492" y="1011"/></mxGeometry></mxCell><mxCell edge="1" id="id-61e97d9083d44f509c45137437491467" parent="1" source="id-56c43dc5e1d048da830b48ac95a23fa3" style="edgeStyle=elbowEdgeStyle;html=1;endArrow=block;dashed=0;elbow=vertical;endFill=1;" target="id-d522edb4091b48ec9898c248d3ca5946"><mxGeometry as="geometry" relative="1" width="160"><mxPoint as="sourcePoint" x="612" y="1011"/><mxPoint as="targetPoint" x="660" y="1011"/></mxGeometry></mxCell><mxCell edge="1" id="id-016afdafd6ca4549b509dce36011d3ed" parent="1" source="id-dd103b3bf5fd46f19367c7438af19280" style="edgeStyle=elbowEdgeStyle;html=1;endArrow=block;elbow=vertical;endFill=0;dashed=1;" target="id-608fdcba86c94d8bb382cb423f04a685"><mxGeometry as="geometry" relative="1" width="160"><mxPoint as="sourcePoint" x="558" y="660"/><mxPoint as="targetPoint" x="559" y="595"/></mxGeometry></mxCell><mxCell edge="1" id="id-c95dab9c90104589bd4b176ca062e5e6" parent="1" source="id-0207a834bef34be4ab6979bb2643902d" style="edgeStyle=elbowEdgeStyle;html=1;endArrow=open;elbow=vertical;endFill=1;" target="id-dd103b3bf5fd46f19367c7438af19280"><mxGeometry as="geometry" relative="1" width="160"><mxPoint as="sourcePoint" x="558" y="816"/><mxPoint as="targetPoint" x="558" y="715"/></mxGeometry></mxCell><mxCell edge="1" id="id-c99267b1cf9e414e8f4f99d91059e5c0" parent="1" source="id-608fdcba86c94d8bb382cb423f04a685" style="edgeStyle=elbowEdgeStyle;html=1;endArrow=block;elbow=vertical;endFill=0;dashed=1;" target="id-417d3d00853449e0916c3b56ae24f012"><mxGeometry as="geometry" relative="1" width="160"><mxPoint as="sourcePoint" x="559" y="540"/><mxPoint as="targetPoint" x="559" y="475"/></mxGeometry></mxCell><mxCell edge="1" id="id-3fae9b4644e54e35b1d753c87e122d7c" parent="1" source="id-8298d7a9596f48b08af2c9fc15f27d36" style="edgeStyle=elbowEdgeStyle;html=1;endArrow=open;elbow=vertical;endFill=1;" target="id-56c43dc5e1d048da830b48ac95a23fa3"><mxGeometry as="geometry" relative="1" width="160"><mxPoint as="sourcePoint" x="552" y="1116"/><mxPoint as="targetPoint" x="552" y="1039"/></mxGeometry></mxCell><mxCell edge="1" id="id-22cbcf2a2e1c4a538a2419c8aa530cb2" parent="1" source="id-c843c685c7d14f69af091855748b6831" style="edgeStyle=elbowEdgeStyle;html=1;endArrow=block;elbow=vertical;endFill=0;dashed=1;" target="id-8298d7a9596f48b08af2c9fc15f27d36"><mxGeometry as="geometry" relative="1" width="160"><mxPoint as="sourcePoint" x="552" y="1212"/><mxPoint as="targetPoint" x="552" y="1171"/></mxGeometry></mxCell><mxCell edge="1" id="id-59ed7bb005f54d658456e0fefe193145" parent="1" source="id-fba0396834c74a84b85c10410d38cc79" style="html=1;endArrow=diamondThin;endFill=1;edgeStyle=elbowEdgeStyle;elbow=vertical;endSize=10;" target="id-c843c685c7d14f69af091855748b6831"><mxGeometry as="geometry" relative="1" width="160"><mxPoint as="sourcePoint" x="552" y="1267"/><mxPoint as="targetPoint" x="556" y="1308"/></mxGeometry></mxCell><mxCell edge="1" id="id-e413e297ad0d4a6c8a152f47e8b4773a" parent="1" source="id-fba0396834c74a84b85c10410d38cc79" style="edgeStyle=elbowEdgeStyle;html=1;endArrow=open;elbow=vertical;endFill=1;" target="id-cad9fbb1aaa34fad82dc3fe06fd279d8"><mxGeometry as="geometry" relative="1" width="160"><mxPoint as="sourcePoint" x="556" y="1363"/><mxPoint as="targetPoint" x="654" y="1404"/></mxGeometry></mxCell></root></mxGraphModel>